PharmID,FacID,FacName,FacStreet1,FacStreet2,FacCity,FacState,FacZip,FacAdminPhone
ONEPAC,102001,MADISON HAY-BOLIVAR(NODH) (TN),615 MOSS LN,,BOLIVAR,TN,38008,(731)658-4404
ONEPAC,102003,MADISON HAY-SELMER(NO DH) (TN),1431 PEACH STREET,,SELMER,TN,38375,(731)645-7730
ONEPAC,102007,OPEN ARMS MEMPHIS (ICF) (TN),5120 YALE RD (FRONT DOOR),,MEMPHIS,TN,38134,(901)371-9774
ONEPAC,102010,OPEN ARMS CHATTANOOGA(ICF)(TN),5731 MAIN ST,,OOLTEWAH,TN,37363,(423)238-9636
ONEPAC,102012,OPEN ARMS KNOXVILLE(NODH)(ICF),7810 BALL CAMP PIKE,,KNOXVILLE,TN,37931,(865)694-9964
ONEPAC,102014,OPEN ARMS NASHVILLE (ICF) (TN),2020 JOHNSON INDUSTRIAL BLVD,,NOLENVILLE,TN,37135,(615)941-1418
ONEPAC,102025,NIA ASSOCIATION (NO DH) (TN),375 DOVER RD,,CLARKSVILLE,TN,37042,(931)906-3993
ONEPAC,102027,SERTOMA KNOXVILLE (NO DH) (TN),1400 EAST FIFTH AVE,,KNOXVILLE,TN,37917,(865)524-5555
ONEPAC,102029,RHD ACT TN (NO DH),5751 UPTAIN RD,SUITE 102,CHATTANOOGA,TN,37411,(423)654-7640
ONEPAC,102032,ADULT COMMUNITY TRAINING (TN),5410 US-321,,LENOIR CITY,TN,37771,(865)770-5460
ONEPAC,103102,TMN COOKEVILLE (NODH) (TN),803 W JACKSON ST,,COOKEVILLE,TN,38501,(931)526-5003
ONEPAC,103105,TMN MARYVILLE (TN),269 CUSICK RD STE C2,LAST DOOR ON THE RIGHT,ALCOA,TN,37701,(865)977-1645
ONEPAC,103107,TMN CHATTANOOGA(NODH) (TN),117 NOWLIN LANE,SUITE 400,CHATTANOOGA,TN,37421,(423)553-7334
ONEPAC,103110,TMN KNOXVILLE (TN) (NO DH),6700 BAUM DR,STE 13,KNOXVILLE,TN,37919,(865)824-4902
ONEPAC,103113,TMN NASHVILLE (TN),3343 PERIMETER HILL DR,#101,NASHVILLE,TN,37211,(615)333-8021
ONEPAC,103116,TMN JACKSON (NO DH) (TN),2975 HWY 45 BYPASS,SUITE C,JACKSON,TN,38305,(731)410-1700
ONEPAC,103119,SEVITA GREENEVILLE (NODH) (TN),3310 E ANDREW JOHNSON HWY,,GREENEVILLE,TN,37745,(423)787-0382
ONEPAC,103120,SEVITA GVILLE (THERAP)(NODH)TN,3310 E ANDREW JOHNSON HWY,,GREENEVILLE,TN,37745,(423)787-0382
ONEPAC,103122,TMN CROSSVILLE (NO DH) (TN),1784 N MAIN ST,SUITE 106,CROSSVILLE,TN,38555,(931)329-3150
ONEPAC,103124,SEVITA MEMPHIS (NO DH),2993 KATE BOND RD,,BARTLETTE,TN,38133,(901)682-1940
ONEPAC,106501,RHA NASHVILLE (NO DH) (TN),441 DONELSON PIKE,SUITE 350,NASHVILLE,TN,37214,(615)543-2923
ONEPAC,106503,RHA MEMPHIS (TN),1755 LYNNFIELD RD,SUITE 150,MEMPHIS,TN,38119,(901)767-1455
ONEPAC,106505,RHA JACKSON (NO DH) (TN),2055 HWY 45 S.,'-- UPSTAIRS OFFICE --,TRENTON,TN,38382,(901)767-1455
ONEPAC,106507,RHA TRENTON ICF (NODH) (TN),2055 HWY 45 S,,TRENTON,TN,38382,(731)855-0537
ONEPAC,106509,RHA CHATTANOOGA (NODH) (TN),2237 OLAN MILLS DR,,CHATTANOOGA,TN,37421,(423)296-8995
ONEPAC,106511,RHA STONES RIVER ICF(NODH)(TN),3350 MEMORIAL BLVD,,MURFREESBORO,TN,37129,(615)895-7788
ONEPAC,106513,RHA KINGSPORT (NODH) (TN),300 CLINCHFIELD ST,SUITE 440,KINGSPORT,TN,37660,(423)247-3335
ONEPAC,106515,RHA KNOXVILLE (NODH) (TN),9041 EXECUTIVE PARK DR,SUITE 212,KNOXVILLE,TN,37923,(865)769-7491
ONEPAC,106517,RHA SPRINGFIELD (NO DH) (TN),205 5TH AVE E,,SPRINGFIELD,TN,37172,(615)384-3172
ONEPAC,106519,RHA JACKSBORO (NODH) (TN),470 STONE MILL RD,,JACKSBORO,TN,37766,(423)562-4289
ONEPAC,106521,RHA ROGERSVILLE (NO DH) (TN),209 SOUTH DEPOT STREET,,ROGERSVILLE,TN,37857,(423)247-3335
ONEPAC,1103,ABEL KARE,3600 W. PARMER LANE,SUITE 105,AUSTIN,TX,78727,(512)375-3176
ONEPAC,112104,EVERGREEN COMMUNITY SUPP (KY),11 S HIGHLAND ST,,WINCHESTER,KY,40391,(859)385-4106
ONEPAC,112115,SOUTHWEST CENTER (KY),8009 TERRY RD,,LOUISVILLE,KY,40258,(502)418-3618
ONEPAC,112117,ZOOM GROUP (KY),4545 TAYLORSVILLE RD,,LOUISVILLE,KY,40220,(502)581-0658
ONEPAC,112121,CEDAR LAKE RESIDENCES (KY),700 BELLEWOOD RD,,LOUISVILLE,KY,40223,(502)327-7706
ONEPAC,112130,OPEN DOORS INC (KY),2338 Frankfort Avenue,,LOUISVILLE,KY,40206,(555)555-5555
ONEPAC,112133,PILLAR (KY),7408 HWY 329,ADMIN BLDG - BABY BLUE SIDING,CRESTWOOD,KY,40014,(502)657-0103
ONEPAC,112135,DAYSPRING FHP (KY),3430 DAY SPRING COURT,,LOUISVILLE,KY,40213,(502)636-5990
ONEPAC,112137,DAY SPRING MAIN (KY),3430 DAY SPRING COURT,,LOUISVILLE,KY,40213,(502)636-5990
ONEPAC,112139,DAY SPRING BAXTER (KY),3430 DAY SPRING COURT,,LOUISVILLE,KY,40213,(502)709-6059
ONEPAC,112142,NEW OPPORTUNITIES & WAYS (KY),661 US 31W BYPASS,SUITE A,BOWLING GREEN,KY,42101,(270)904-1109
ONEPAC,113130,NEWFAC-OPEN DOORS BWL GRN (KY),624 EASTWOOD STREET,,BOWLING GREEN,KY,42103,(270)288-5058
ONEPAC,113204,D&S - MOREHEAD (KY),259R OLD FLEMINGSBURG RD,,MOREHEAD,KY,40351,(606)783-0515
ONEPAC,113208,D&S - ASHLAND/LOUISA (KY),29501 MAYO TRAIL RD,,CATLETTSBURG,KY,41129,(606)865-6905
ONEPAC,113209,D&S - DANVILLE (NO DH) (KY),126 LETTON DR,,DANVILLE,KY,40422,(859)236-5400
ONEPAC,113211,D&S - SOMERSET (KY),144 RICHIE LANE,,SOMERSET,KY,42503,(606)425-4432
ONEPAC,113213,D&S - ELIZABETHTOWN (KY),917 NORTH MULBERRY ST,SUITE 101,ELIZABETHTOWN,KY,42701,(606)425-4332
ONEPAC,119930,OPEN DOORS HOST HOMES (KY),2338 FRANKFORT AVE,,LOUISVILLE,KY,40206,(502)500-2025
ONEPAC,119999,KY FC/SHL,SEE NURSING STATION ADDRESS,,(STATE WIDE),KY,42104,(555)555-5555
ONEPAC,1276,SPECTRUM OF SOLUTIONS (SOS),2701 NORTH A STREET,,MIDLAND,TX,79705,(432)695-9901
NJEXPO,132001,SUNRISE (VA-X),3701 PENDER DR,SUITE 200,FAIRFAX,VA,22030,(703)218-1800
NJEXPO,132003,MAKOM (VA-X),,,,VA,,(___)___-____
NJEXPO,132005,ST.JOHNS COM SRV (VA-X),7611 LITTLE RIVER TURNPIKE,#404,ANNADALE,VA,22003,(240)579-8072
NJEXPO,142001,COM OPT MARYLAND (MD-X) FDX,7615 STANDISH PLACE,,ROCKVILLE,MD,20855,(301)656-3997
NJEXPO,142003,MAKOM (MD-X),1500 E JEFFERSON ST,,ROCKVILLE,MD,20852,(240)283-6000
ONEPAC,162002,ABOUND HEALTH (NC),3330 MONROE RD,,CHARLOTTE,NC,28205,(704)536-8888
ONEPAC,162006,CAROLINA RESDNTL (NO DH) (NC),804 HUNTER ST,,STATESVILLE,NC,28677,(704)682-2766
ONEPAC,162010,SKILL CREATIONS (NC) (NO DH),2105 ROYALL AVE,,GOLDSBORO,NC,27534,(919)734-7398
ONEPAC,166501,RHA MAIDEN (NC),1754 GKN WAY,,NEWTON,NC,28658,(828)428-0061
ONEPAC,166503,RHA CLEAR CREEK ICF (NC),11950 HOWELL CENTER DR,,CHARLOTTE,NC,28227,(704)545-7200
ONEPAC,166505,RHA GASTONIA (NC),1564-D UNION RD,,GASTONIA,NC,28054,(704)864-3450
ONEPAC,166507,RHA CLEVELAND (NO DH) (NC),211 ROSEMAN LN,,CLEVELAND,NC,27013,(704)278-9681
ONEPAC,166509,RHA HENDERSONVILLE (NO DH)(NC),421 RIVERVIEW DRIVE,,ASHVILLE,NC,28806,(828)684-1940
ONEPAC,166511,RHA STATESVILLE (NC),190 COMMERCE BLVD,,STATESVILLE,NC,28625,(704)872-3257
ONEPAC,166513,RHA DEEP GAP (NO DH) (NC),207 NEW MARKET CENTRE,C/O Go Postal,BOONE,NC,28607,(828)262-5450
ONEPAC,166515,RHA GREENSBORO (NC),1508 GATEWOOD AVE,,GREENSBORO,NC,27405,(336)273-6105
ONEPAC,166517,RHA HIGH POINT (NC),1701 WESTCHESTER DR,SUITE 940,HIGH POINT,NC,27262,(336)885-5090
ONEPAC,166519,RHA BURNSVILLE (NC),414 EAST MAIN ST,,BURNSVILLE,NC,28714,(828)682-4394
ONEPAC,166521,RHA KANNAPOLIS (NC),195 ERVIN WOODS DR,,KANNAPOLIS,NC,28081,(704)925-8041
ONEPAC,166523,RHA ALBEMARLE (NO DH) (NC),125 CHARTER ST,,ALBEMARLE,NC,28001,(704)986-4118
ONEPAC,166525,RHA CREEDMOOR (NC),2527 E LYON STATION RD,,CREEDMOOR,NC,27522,(919)528-2558
ONEPAC,166527,RHA LUMBERTON (NO DH) (NC),2003 GODWIN AVE,SUITE A1,LUMBERTON,NC,28358,(910)739-1468
ONEPAC,166529,RHA BEAR CREEK ICF (NO DH)(NC),5840 GREENWOOD DR,,LA GRANGE,NC,28551,(252)566-9181
ONEPAC,166531,RHA ROBINS NEST (NO DH) (NC),5840 GREENWOOD DR,,LA GRANGE,NC,28551,(252)566-9181
ONEPAC,166533,RHA FOX RUN (NO DH) (NC),5840 GREENWOOD DR,,LA GRANGE,NC,28551,(252)566-9181
ONEPAC,166535,RHA WALNUT CREEK ICF (NC),5840 GREENWOOD DR,,LA GRANGE,NC,28551,(919)778-3524
ONEPAC,166537,RHA FAYETTEVILLE (NO DH) (NC),2248 WINGATE RD,,FAYETTEVILLE,NC,28304,(910)424-2121
ONEPAC,166539,RHA MAXTON (NC),15235 AIRPORT RD,,MAXTON,NC,28364,(910)844-9664
ONEPAC,166541,RHA RIVERBEND ICF (NO DH) (NC),140 PIRATES RD,ATTN: NURSING DEPT.,NEW BERN,NC,28562,(252)638-6519
ONEPAC,166543,RHA BENSON (NO DH) (NC),501 SOUTH WALL STREET,SUITE C,BENSON,NC,27504,(919)894-5124
ONEPAC,166545,RHA GREENVILLE (NO DH) (NC),323 KING GEORGE RD,,GREENVILLE,NC,27834,(252)558-2575
ONEPAC,166547,RHA PITT COUNTY GH (NC),560 QUEEN STREET,,GRIFTON,NC,28530,(252)524-4950
ONEPAC,166549,RHA WILMINGTON (NC),3255 BURNT MILL DR,SUITE 5,WILMINGTON,NC,28403,(910)251-6616
ONEPAC,166551,RHA ABERDEEN (NC),126 ROBINHOOD LN,,ABERDEEN,NC,28315,(910)944-7002
ONEPAC,166553,RHA KINSTON (NO DH) (NC),1603 AIRPORT ROAD,,KINSTON,NC,28501,(919)778-1506
ONEPAC,166555,RHA GOLDSBORO (NODH) (NC),2708 NORTHWOOD DRIVE,,GOLDSBORO,NC,27534,(919)288-2560
ONEPAC,172102,DUNGARVIN (IN),3570 BLACKTHORN CT,,SOUTH BEND,IN,46628,(574)245-5400
ONEPAC,172212,NEWFAC - CORVILLA INC (IN),3620 DEAHL CT,,SOUTH BEND,IN,46628,(574)289-9779
ONEPAC,182101,MERCER RES SERV ICF (OH),436 W WAYNE ST,,CELINA,OH,45822,(419)586-1432
ONEPAC,182107,MERCER VAN WERT (OH),500 AUGUSTINE DR,,VAN WERT,OH,45891,(419)238-1019
ONEPAC,182110,INITIAL INDEPENDENCE (OH),250 DICKASON STREET,,JACKSON,OH,45640,(740)286-0400
ONEPAC,182113,LOMEDA SERVICE (OH),9455 BETH AVE SW,,BOLIVAR,OH,44612,(570)765-0289
ONEPAC,182117,DIVINE RESIDENTIAL LIVING (OH),4393 BLACKS RD SW,,HEBRON,OH,43025,(740)341-6651
ONEPAC,182129,BUCKEYE COMM SERV(OH),207 REMY COURT,,WAVERLY,OH,45690,(740)941-1639
ONEPAC,182131,BUCKEYE WAIV (NO DH)(OH),220 MORTON ST,,JACKSON,OH,45640,(740)648-3229
ONEPAC,182134,VINTON INDUSTRIES (OH),30970 INDUSTRIAL PARK DR,,MCARTHUR,OH,45651,(740)486-7303
ONEPAC,182139,CHOICES IN COMM LIVING (OH),1651 NEEDMORE RD,,DAYTON,OH,45414,(937)898-2220
ONEPAC,182141,LIMITLESS (NO DAYHAB) (OH),6902 PEARL ROAD,#304,CLEVELAND,OH,44130,(740)818-7386
ONEPAC,182143,PATTY'S HOME CARE (OH),8800 TYLER BLVD,,MENTOR,OH,44060,(440)478-6284
ONEPAC,182145,SAFE HAVEN CICL (OH),5970 NO MANS RD,,MIDDLETOWN,OH,45042,(513)422-1880
ONEPAC,182147,THE SOCIETY (OH),4283 PARADISE RD,,SEVILLE,OH,44273,(330)722-1900
ONEPAC,182149,MIDWEST ASH/RICH (OH),1660 ENTERPRISE PARKWAY,SUITE E,WOOSTER,OH,44691,(330)264-9615
ONEPAC,182151,MIDWEST STARK (OH),4164 ERIE AVE SW,,MASSILLON,OH,44646,(330)791-7021
ONEPAC,182153,MIDWEST WAYNE (OH),1660 ENTERPRISE PARKWAY,SUITE E,WOOSTER,OH,44691,(330)264-9615
ONEPAC,182155,CIRCULO HOST HOMES (OH),14550 PAYNE RD,,MARYSVILLE,OH,43040,(740)441-7163
ONEPAC,182159,NEW DAY HEALTH (OH),10106 N RIDGEWOOD DR,,TWINSBURG,OH,44087,(216)691-3849
ONEPAC,182161,BEACON SPECIALIZED LIVING (OH),1460 GRACELAND DR,,FAIRBORN,OH,45324,(937)417-4791
ONEPAC,182163,BEACON DELIVER TO HOME (OH),1460 GRACELAND DR,,FAIRBORN,OH,45324,(937)417-4791
ONEPAC,182165,BEACON MRCS OHIO (OH),967 WORTHINGTON WOODS LOOP RD,,WORTHINGTON,OH,43085,(614)206-1884
ONEPAC,182177,TRUCARE PROVIDER (NO DH) (OH),3600 PARK 42 DRIVE,SUITE 3670,CINCINNATI,OH,45241,(513)201-5611
ONEPAC,182179,MIDWEST ICF (OH),5650 TOWNSHIP ROAD 332,,MILLERSBURG,OH,44654,(330)674-2281
ONEPAC,182181,ECI INC GROUP HOMES (OH),2036 E TOWNSHIP RD 122,,TIFFIN,OH,44883,(419)443-0767
ONEPAC,182183,ECI INC ICF (OH),1435 S MAIN ST,,CLYDE,OH,43410,(419)443-0767
ONEPAC,182184,ECI WEST CHESTER (OH),4756 SMITH ROAD,,WEST CHESTER,OH,45069,(513)844-6681
ONEPAC,182185,ALLIED COMMUNITY ENDEAVORS(OH),4461 OBERLIND AVENUE,SUITE 102,LORAIN,OH,44053,(740)818-7386
ONEPAC,182187,"ALS, LLC (NO DH) (OH)",256 S OVAL,,CHARDON,OH,44024,(440)622-2800
ONEPAC,182189,OHIO VALLEY ADULT DAY SERVICES,411 APPLE ST,,MT. ORAB,OH,45154,(513)907-1971
ONEPAC,182191,GABLES OF MADISON (OH),731 N. LAKE STREET,,MADISON,OH,44057,(440)428-6205
ONEPAC,182193,MADISON VILLAGE (OH),148 EAST MAIN STREET,,MADISON,OH,44057,(___)___-____
ONEPAC,182196,MURRAY RIDGE (LCBDD) (OH),4609 MEISTER RD,,LORAIN,OH,44053,(440)282-3074
ONEPAC,182198,CARH (NO DH) (OH),1710 US HWY 50,,BATAVIA,OH,45103,(513)767-1815
ONEPAC,182201,I AM BOUNDLESS-BROOKLYN (OH),4248 W 35TH ST,,CLEVELAND,OH,44109,(216)417-6467
ONEPAC,182203,I AM BOUNDLESS-BROOKPARK (OH),6320 SMITH ROAD,,BROOKPARK,OH,44142,(216)267-9777
ONEPAC,182205,MCELVAIN HOMES OFFICE (OH),973 LARCHWOOD RD,,MANSFIELD,OH,44907,(419)589-6697
ONEPAC,182207,MCELVAIN HOMES DTH (OH),973 LARCHWOOD RD,,MANSFIELD,OH,44907,(419)589-6697
ONEPAC,182209,ACHIEVING DREAMS (OH),5110 LAKE RD W,,ASHTABULA,OH,44004,(440)536-5614
ONEPAC,182212,BENCHMARK ST MARYS (OH),1621 CELINA RD,,ST. MARY'S,OH,45885,(419)300-8771
ONEPAC,182214,BENCHMARK LIMA (OH),645 SOUTH MAIN ST.,,LIMA,OH,45804,(419)516-0081
ONEPAC,182216,BENCHMARK WESTCHESTER (OH),7140 OFFICE PARK DR,,WEST CHESTER,OH,45069,(513)648-9360
ONEPAC,182218,BENCHMARK DUBLIN (OH),312 CRAMER CREEK CT,,DUBLIN,OH,43017,(614)846-7414
ONEPAC,182220,CLE FRANKLIN (OH),2939 DONNYLANE BLVD,,COLUMBUS,OH,43235,(614)588-0320
ONEPAC,182222,CLE LICKING (OH),88 GRANVILLE ST,,NEWARK,OH,43055,(740)345-2719
ONEPAC,182224,CLE MARION (OH),1354 MONTEGO DR,,MARION,OH,43302,(740)387-2528
ONEPAC,182226,HOUSE OF PIECES (OH),2031 PARK AVE W,,ONTARIO,OH,44906,(419)982-2960
ONEPAC,182228,COR SERVICES LIMA (OH),1519 N. MAIN STREET,SUITE 8,LIMA,OH,45801,(419)957-8029
ONEPAC,182230,COR SERVICES FINDLAY (OH),620 CRYSTAL AVE,,FINDLAY,OH,45840,(419)889-3258
ONEPAC,182232,ADVOCATE FOR INDEPENDENCE (OH),212 WINTERGREEN HILL DR,,PAINSEVILLE,OH,44077,(440)669-1244
ONEPAC,182234,NEWFAC-CENTER FOR DISABIL SERV,667 HOPEWELL DR,,HEATH,OH,43056,(740)281-2872
ONEPAC,185102,CAREGIVER - COLUMBUS (OH),150 EAST CAMPUS VIEW BLVD,SUITE 250,COLUMBUS,OH,43235,(380)390-6120
ONEPAC,185108,CAREGIVER - CARDINGTON (OH),215 GILEAD STREET,,CARDINGTON,OH,43315,(330)209-7458
ONEPAC,188207,YOUR HAPPY PLACE (OH),1326 NORTH BARRON ST.,,EATON,OH,45320,(937)533-6929
LATTE,LATTE-202001,VOA SOUTHEAST LOUISIANA,4152 CANAL STREET,,NEW ORLEANS,LA,70119,(504)486-8689
LATTE,LATTE-202002,BELIEVE THERAPEUTIC,713 WEST MAIN ST,,NEW ROADS,LA,70760,(225)638-3741
LATTE,LATTE-202003,ARC ACADIANA NEW IBERIA,6400 HWY 90 WEST,,NEW IBERIA,LA,70560,(337)367-6813
LATTE,LATTE-202004,ARC ACADIANA LAFAYETTE,2008 ERASTE LANDRY RD,,LAFAYETTE,LA,70506,(337)234-7254
LATTE,LATTE-202005,LA COMMUNITY CARE,5803 MONROE HWY,,BALL,LA,71405,(318)640-2953
LATTE,LATTE-204501,DDMS NOLA,2121 38TH STREET,,KENNER,LA,70065,(504)513-3159
LATTE,LATTE-204503,DDMS BATON ROUGE,2645 O'NEAL LANE,"BLDG A, STE A",BATON ROUGE,LA,70816,(225)767-2344
LATTE,LATTE-204504,DDMS MAMOU,101 3RD STREET,,MAMOU,LA,70554,(337)468-3061
ONEPAC,2316,VILLA AT MARBRIDGE SNF,2504 BLISS SPILLAR RD,,MANCHACA,TX,78652,(512)282-1811
ONEPAC,2318,VILLAGE AT MARBRIDGE (NO DH),2310 BLISS SPILLAR RD,,MANCHACA,TX,78652,(512)282-3163
ONEPAC,2321,RANCH AT MARBRIDGE (NO DH),2310 BLISS SPILLAR RD,,MANCHACA,TX,78652,(512)282-1144
ONEPAC,2323,REDWIN HCS,2425 TEXAS PARKWAY,,MISSOURI CITY,TX,77489,(281)968-4411
ONEPAC,2325,AUDREY GRACE HOUSE,598 MEDICAL DRIVE,USE RING DOORBELL FOR GATE,ABILENE,TX,79601,(325)437-6870
ONEPAC,2335,REGENCY CARE HOME,555 ROUND ROCK WEST,SUITE E 203,ROUND ROCK,TX,78681,(512)239-8501
ONEPAC,2338,AVANT HCS,1701 EAST AVE,,KATY,TX,77493,(832)971-6062
ONEPAC,2342,THOMAS & LEWIN ASSOCIATES,2025 AVENUE G,,ROSENBERG,TX,77471,(281)679-1309
ONEPAC,2344,BLUEBONNET HOMES INC,128 S MAGDALEN ST,,SAN ANGELO,TX,76903,(325)658-6664
ONEPAC,2346,A CHAMPION HCS - HOLD WED,119 EXECUTIVE WAY,SUITE 303,DESOTO,TX,75115,(972)373-4393
ONEPAC,2350,1 ON 1 KF HOMES,9888 BISSONNET ST,STE 350,HOUSTON,TX,77036,(713)272-7226
ONEPAC,2378,AVID QUALITY CARE - LITTLE ELM,4800 US 377,Building 800,Aubrey,TX,76227,(940)365-9600
ONEPAC,2402,CARING MATTERS,935 PENDALE RD,,EL PASO,TX,79907,(915)592-8000
ONEPAC,2406,RUSSO & ASSOCIATES - CYPRESS,16215 JAST DR,,CYPRESS,TX,77429,(281)607-1370
ONEPAC,2408,RUSSO & ASSOCIATES - HOUSTON,7215 JUNCO DR,,HOUSTON,TX,77040,(281)607-1370
ONEPAC,2415,THE CENTER,4420 HARRISBURG BLVD,,HOUSTON,TX,77011,(713)525-8400
ONEPAC,2421,TRI-COUNTY BEHAVIORAL,7045 STATE HWY 75 S,ATTN: KELLY ROOKER,HUNTSVILLE,TX,77340,(936)291-5826
ONEPAC,2423,CHAMPION SERVICES,2050 GREENWOOD DR,SUITE 100,SOUTHLAKE,TX,76092,(817)310-6630
ONEPAC,2427,BELL TECH - VICTORIA,102 Cozzi Circle,,VICTORIA,TX,77901,(361)894-7048
ONEPAC,2430,DRACO EL PASO,1055 HUMBLE PLACE,,EL PASO,TX,79915,(915)772-0904
ONEPAC,2438,CSP HEALTH SERVICES,606 ORIOLE BLVD,#313,DUNCANVILLE,TX,75116,(972)283-8035
ONEPAC,2442,QUEST HOMES - LUFKIN,609 ELLIS AVE,,LUFKIN,TX,75904,(936)632-0133
ONEPAC,2446,DALLAS METROCARE SERVICES,1881 SYLVAN AVE,# SUITE 200,DALLAS,TX,75208,(817)412-3946
ONEPAC,2451,SPINDLETOP CENTER,655 S 8TH ST,,BEAUMONT,TX,77701,(409)937-5986
ONEPAC,2453,HIGH PLAINS HEALTH PROV,1505 PB LANE,SUITE A,WICHITA FALLS,TX,76302,(940)766-6751
ONEPAC,2456,HARMONY LIVING CENTERS,112 SOUTH WARD DR,,LONGVIEW,TX,75604,(903)557-0283
ONEPAC,2459,PRIDE HCS,4002 LOUETTA RD,,SPRING,TX,77388,(832)717-4083
ONEPAC,2462,INNOVATIVE OUTCOMES  (NO DH),1475 S TRINITY RD,,DENTON,TX,76208,(940)387-1508
ONEPAC,2465,QUEST HOMES - HOUSTON AREA,23935 BEAVERWOOD DR,,SPRING,TX,77373,(936)632-0133
ONEPAC,2471,ADELA'S ANGELS LLC,1613 FREDERICKSBURG RD,,SAN ANTONIO,TX,78201,(830)714-7233
ONEPAC,2475,"MEMEEHA,LLC - NO DAYHAB SPLITS",1909 WEST LOOP,,EL CAMPO,TX,77437,(979)543-4186
ONEPAC,2478,MHMR CONCHO VALLEY,1501 W BEAUREGARD,,SAN ANGELO,TX,76901,(325)658-7750
ONEPAC,2483,MILLS COMMUNITY SERVICES,2312 MICHIGAN COURT,,DALWORTHINGTON GARDE,TX,76016,(817)226-1022
ONEPAC,2486,ADVANTAGE CARE SAN ANTONIO,5039 BECKWITH BLVD,STE 105,SAN ANTONIO,TX,78249,(210)641-9883
ONEPAC,2492,ADVANTAGE CARE FREDRICKSBURG,603 FM 2093,STE 1301,FREDERICKSBURG,TX,78624,(830)307-3199
ONEPAC,2497,PEOPLE CARE FOSTER- CF ON  5TH,20 FOUNDERS BLVD,,EL PASO,TX,79906,(915)843-7773
ONEPAC,2499,ALL LITTLE THINGS COUNT-ALVIN,201 FM 2917,,ALVIN,TX,77511,(281)581-2060
ONEPAC,2501,PEOPLE CARE HCS/ICF,20 FOUNDERS BLVD,,EL PASO,TX,79906,(915)843-7773
ONEPAC,2503,A PLACE LIKE HOME,1308 TURNBRIDGE DR,,GLENN HEIGHTS,TX,75154,(214)467-5288
ONEPAC,2505,ICD STONEBRIDGE,20 S. KOENIGHEIM,,SAN ANGELO,TX,76903,(325)655-3884
ONEPAC,2507,ALL LIL THINGS COUNT-ROSENBERG,2715 CYPRESS POINT DRIVE,,MISSOURI CITY,TX,77459,(281)581-2060
ONEPAC,2509,ABOVE AND BEYOND,744 EAST HENDERSON RD,,ANGLETON,TX,77515,(979)248-5101
ONEPAC,2511,A TREASURE OF DREAMS,115 E. EDGEWOOD DRIVE,,FRIENDSWOOD,TX,77511,(281)482-3163
ONEPAC,2513,A&A ADVANTAGE (HOH),3808 SHERWOOD WAY,,SAN ANGELO,TX,76901,(325)617-4546
ONEPAC,2517,MARK 1 RES SERV.,123 COLT LOOP,,KYLE,TX,78640,(512)448-0965
GATTE,252000,ANGEL'S PCH (GA) (NO DH),2620 RICHMOND HILL RD,,AUGUSTA,GA,30906,(706)755-2200
GATTE,252009,FAITH LANDING (GA) (NO DH),1215 HALE ST,,WAYNESBORO,GA,30830,(706)437-4248
GATTE,252015,HIGHER LIVING (GA) (NO DH),650 MAIN ST,,WARRENTON,GA,30828,(706)465-1188
GATTE,252019,LONGEVITY (GA) (NO DH),2884 LUMPKIN RD,,AUGUSTA,GA,30906,(706)831-0916
GATTE,252025,MORE CARE (GA) (NO DH),5038 STORY MILL RD,,HEPHZIBAH,GA,30815,(706)592-5992
GATTE,252027,MT PLEASANT (GA) (NO DH),311 JOHNSON AVE,,THOMSON,GA,30824,(706)595-8537
GATTE,252029,SOUTHERN BREEZE (GA) (NO DH),127 SO. BELAIR RD,,MARTINEZ,GA,30907,(706)504-4162
GATTE,252033,TAPLEY'S (GA) (NO DH),1372 INTERSTATE PKWY,,AUGUSTA,GA,30909,(706)564-9247
GATTE,252045,COMPLETE CARE AT HOME,11 DUNWOODY PARK,SUITE 140,ATLANTA,GA,30338,(770)551-9533
GATTE,252048,DEVELOPMENTAL DISABIL MIN (GA),6320 AMHERST CT,SUITE 100,NORCROSS,GA,30092,(770)468-5527
GATTE,252051,THE ARC OF SW GA,2200 STUART AVE,,ALBANY,GA,31707,(229)888-6852
GATTE,252053,WESLEY GLEN,4580 N MUMFORD RD,,MACON,GA,31210,(478)471-3711
GATTE,252054,WESLEY GLEN ST. MARYS,884 MUSH BLUFF RD,,ST. MARY'S,GA,31558,(912)882-1320
GATTE,252056,RHA ROME 2,100 E 2ND AVE,SUITE 302,ROME,GA,30161,(678)218-5896
GATTE,252058,ENABLE (GA),3301 BUCKEYE RD,SUITE 700,ATLANTA,GA,30341,(555)555-5555
GATTE,252060,BENCHMARK HUMAN SERVICES (GA),530 WEST THOMAS STREET,SUITE C,MILLEDGEVILLE,GA,31061,(478)451-0557
GATTE,252062,RHA THMSVILLE (NODH),254 WOODLANDS BLVD,SUITE 533,THOMASVILLE,GA,31792,(229)226-4311
GATTE,252064,GCSS (GA),3301 BUCKEYE RD,SUITE 700,ATLANTA,GA,30341,(___)___-____
GATTE,252069,DIVERSIFIED ENTERPRISES (GA),192 VIRGINIA AVE S,STE 100,TIFTON,GA,31794,(229)386-3560
GATTE,252071,ALL CARE HOME HLTH( GA),5797 HOUSTON RD,SUITE F,MACON,GA,31216,(478)254-3621
GATTE,252073,FAITH DWELLINGS (GA),4666 RANDALWOOD DR,,STONE MOUNTAIN,GA,30083,(678)599-1651
ONEPAC,2522,ODYSSEY HCS,2115 CYPRESS LANDING,,HOUSTON,TX,77090,(936)280-0030
ONEPAC,2523,DEPENDABLE CARE SERVICES,4359 RITTIMAN RD,,SAN ANTONIO,TX,78218,(210)409-5544
ONEPAC,2524,DOVE'S HAVEN,6521 SAN PEDRO,,SAN ANTONIO,TX,78216,(210)824-1520
ONEPAC,2525,CHRISTIAN LIFE RESIDENTIAL,705 LIBERTY STREET,,MALAKOFF,TX,75148,(903)489-9977
ONEPAC,2527,BURKE CENTER - LUFKIN,2105 N. JOHN REDDITT,,LUFKIN,TX,75904,(936)639-5380
GATTE,252701,UCP GA AUGUSTA (GA),2052 GORDON HWY STE 2-B,,AUGUSTA,GA,30909,(555)555-5555
GATTE,252703,UCP GA SAVANNAH (GA),120 OGLETHORPE PROFESSIONAL CT,,SAVANNAH,GA,31406,(912)303-9995
GATTE,252705,UCP GA CHAMBLEE (GA),3300 NE EXPRESSWAY,BLDG 9,ATLANTA,GA,30341,(770)676-2000
GATTE,252707,UCP GA CONYER (GA),829 COMMERCE DR SW,STE 1-B,CONYERS,GA,30094,(770)922-7337
GATTE,252709,UCP GA MACON (GA),2992 CRESTLINE DR,,MACON,GA,31204,(478)477-4673
GATTE,252711,UCP GA FEDEX (NO DH)(GA),,,,GA,,(___)___-____
ONEPAC,2528,BURKE CENTER - JASPER,46 WEST BAY,,JASPER,TX,75951,(936)639-5380
ONEPAC,2529,"MIOWN HOME, LLC",302 WATERFORD LANE,,SUNNYVALE,TX,75182,(972)914-6040
ONEPAC,2533,ANCHOR HABILITATION,9241 B SOUTH PADRE ISLAND DRIV,,CORPUS CHRISTI,TX,78418,(361)657-0247
ONEPAC,2534,HILL COUNTRY SIGNS OF HOPE,1322 HARPER RD,,KERRVILLE,TX,78028,(830)895-0747
ONEPAC,2536,BELL TECH HOUSTON,12000 RICHMOND AVE,SUITE 135,HOUSTON,TX,77082,(281)679-0541
ONEPAC,2539,ANDREWS CENTER,2323 W FRONT ST,,TYLER,TX,75702,(903)597-1351
ONEPAC,2541,AKA HEART TO HOME,3355 CHERRY RIDGE DR,SUITE 201,SAN ANTONIO,TX,78230,(210)499-5451
ONEPAC,2542,ABILITY PLUS,23 HOLLINFARE CT,,SUGARLAND,TX,77479,(832)656-9645
ONEPAC,2544,"ADAPTIVE AIDS, LLC",3648 CYPRESS CREEK PARKWAY,SUITE 140,HOUSTON,TX,77068,(832)717-2262
ONEPAC,2546,TRANSAFRICAN DEVELOPMENT,7943 FOREST FLAME,,SAN ANTONIO,TX,78239,(210)985-6886
ONEPAC,2549,"SPECIAL GRACES, LLC",4650 DIXIE FARM RD,#110,PEARLAND,TX,77581,(409)658-3411
ONEPAC,2551,"A BETTER HCS HOME,INC",517 RICHLAND DR,,WACO,TX,76710,(254)701-8817
GATTE,255201,SOTO (GA),3729 Executive Center Dr.,,AUGUSTA,GA,30907,(706)426-4200
GATTE,255205,SOTO SAVANNAH (GA),350 HODGSON PORT,,SAVANNAH,GA,31406,(706)678-6169
GATTE,256501,RHA AUGUSTA,208 C PITCARIN WAY,,AUGUSTA,GA,30906,(706)228-4911
GATTE,256503,RHA ROME (NO DH),100 EAST 2ND AVENUE,SUITE 302,ROME,GA,30161,(678)218-5896
GATTE,256505,RHA MILLEDGEVILLE,105 FIELDSTONE DRIVE,SUITE 104,MILLEDGEVILLE,GA,31061,(478)452-1100
GATTE,256507,RHA WOODSTOCK,220 HERITAGE WALK,STE 205,WOODSTOCK,GA,30188,(770)529-3754
GATTE,256509,RHA ROME HOST HOMES,2016 REDMUND CIRCLE NW,,ROME,GA,30165,(678)218-5896
GATTE,256511,RHA MILLEDGEVILL HM DEL,105 FIELDSTONE DRIVE,SUITE 104,MILLEDGEVILLE,GA,31061,(478)452-1100
GATTE,259999,GEORGIA FOSTER/HH (GA) (NO DH),,,,GA,,(___)___-____
ONEPAC,2619,DOWN HOME RANCH,20250 FM 619,,ELGIN,TX,78621,(512)856-0128
ONEPAC,2622,MISSION ROAD DEVELOPMENTAL CTR,8706 MISSION ROAD,BLDG 13-DISREGARD SIGN @ GATE,SAN ANTONIO,TX,78214,(210)924-9265
ONEPAC,2627,HANDS ON (NO DH),4630 HAMILTON WOLFE,,SAN ANTONIO,TX,78229,(210)639-3150
ONEPAC,2636,BERRY FAMILY SERVICES,5700 ROWLETT ROAD,,ROWLETT,TX,75088,(972)412-4707
ONEPAC,2644,LAUREN MCKENNA HCS,17410 E. STRACK DR,,SPRING,TX,77379,(785)313-2426
ONEPAC,2651,GOLDEN RULE SERVICES,3801 LIBERTY DRIVE,,PEARLAND,TX,77581,(281)997-2295
ONEPAC,2655,CENTER FOR LIFE,408 MULBERRY ST,,BROWNWOOD,TX,76801,(325)643-1873
ONEPAC,2657,MERIDIAN LIVING CENTER,8130 Westglen Dr,,Houston,TX,77063,(713)778-9300
ONEPAC,2660,CHI CHI LIVING CENTER,9119 S GESSNER RD,STE 201,HOUSTON,TX,77074,(713)771-1550
ONEPAC,2663,CHAI DALLAS (TX),11615 FOREST CENTRAL DRIVE,SUITE 100,DALLAS,TX,75243,(214)373-8600
ONEPAC,2665,DOUBLETREE RES SERV (TX),3225 W SLAUGHTER LANE,,AUSTIN,TX,78748,(512)291-8450
ONEPAC,2668,HILL RESOURCES,1850 E LOWDEN ST,,ABILENE,TX,79601,(325)673-3346
ONEPAC,2670,COMMUNITY CHOICE/AUSTIN,704 WONSLEY DR,#202,AUSTIN,TX,78753,(512)835-8955
ONEPAC,2673,BORDER REGION (NO DH) (TX),1500 PAPPAS ST,#9,LAREDO,TX,78041,(956)794-3307
ONEPAC,2677,HOPE HORIZON LLC,2045 FOREST LANE,STE 130,GARLAND,TX,75042,(972)234-9001
ONEPAC,2680,ATARAH FAMILY SERVICES,2152 ZION HILL,,GRAND PRAIRIE,TX,75052,(214)430-3338
SCEXPO,SCEXPO-290401,DORCHESTER - 01,818 N CEDAR ST,,SUMMERVILLE,SC,29483,(843)873-4850
SCEXPO,SCEXPO-290415,DORCHESTER - 15,818 N CEDAR ST,,SUMMERVILLE,SC,29483,(843)873-4850
SCEXPO,SCEXPO-290424,DORCHESTER - 24,711 PARSONS RD,,SUMMERVILLE,SC,29843,(843)821-2877
SCEXPO,SCEXPO-291507,OBURG-CTH2 E & W-07,,,,SC,,(___)___-____
SCEXPO,SCEXPO-291514,OBURG-EAST-14,,,,SC,,(___)___-____
SCEXPO,SCEXPO-291516,OBURG-SLP-16,,,,SC,,(___)___-____
SCEXPO,SCEXPO-291521,OBURG-CTH2 NORTH-21,,,,SC,,(___)___-____
SCEXPO,SCEXPO-291523,OBURG-ICF-23,,,,SC,,(___)___-____
SCEXPO,SCEXPO-291604,PICKENS - 04,,,,SC,,(___)___-____
SCEXPO,SCEXPO-291611,PICKENS - 11,,,,SC,,(___)___-____
SCEXPO,SCEXPO-291618,PICKENS - 18,,,,SC,,(___)___-____
SCEXPO,SCEXPO-292203,LAURENS COUNTY - 01,364 EVERGREEN SKILLS DR,,LAURENS,SC,29360,(___)___-____
SCEXPO,SCEXPO-292207,UNION - 17,737 Industrial Park Rd,MAIN OFFICE LOCK BOX,UNION,SC,29379,(___)___-____
SCEXPO,SCEXPO-292208,ANDERSON - 09,,,,SC,,(___)___-____
SCEXPO,SCEXPO-292209,ALLENDALE/BARNWELL - 27,,,,SC,,(___)___-____
SCEXPO,SCEXPO-292210,CHARLESTON - 16,,,,SC,,(___)___-____
SCEXPO,SCEXPO-292211,DILLON - 21,506 14TH AVE,,DILLION,SC,29536,(843)841-0778
SCEXPO,SCEXPO-292212,MARION - 21,111 MARTIN LUTHER KING BL,,MARION,SC,29571,(___)___-____
SCEXPO,SCEXPO-292213,EPWORTH - 01,2900 MILLWOOD AVE,,COLUMBIA,SC,29250,(803)212-4793
SCEXPO,SCEXPO-292214,FAIRFIELD - 25,408 WASHINGTON ST,,WINNSBORO,SC,29180,(803)519-8296
SCEXPO,SCEXPO-292215,GEORGETOWN DDSN - 21,95 ACADEMY AVE,,GEORGETOWN,SC,29440,(843)344-0075
SCEXPO,SCEXPO-292216,HORRY COUNTY - 21,408 WEB ST,,CONWAY,SC,29526,(843)385-3835
SCEXPO,SCEXPO-292217,JASPER (FEDEX/M-W) - 01,1512 GREYS HIGHWAY,,RIDGELAND,SC,29936,(843)812-3691
SCEXPO,SCEXPO-292219,MENTOR - 05,1800 Middleburg Plaza,Second Floor,COLUMBIA,SC,29204,(___)___-____
SCEXPO,SCEXPO-292220,WILLIAMSBURG - 21,61 Greenlee St,,KINGSTREE,SC,29556,(843)355-1527
SCEXPO,SCEXPO-292221,UCP MOT - 01,1101 HARBOR DRIVE,,WEST COLUMBIA,SC,29169,(765)238-9079
SCEXPO,SCEXPO-292223,ALSTON WILKES SOCIETY,401 LAWAND DR.,,COLUMBIA,SC,29212,(803)772-6191
SCEXPO,SCEXPO-292226,BERKELEY CITIZENS - 01,1301 OLD HIGHWAY 52 SOUTH,,MONCKS CORNER,SC,29461,(843)761-0300
SCEXPO,SCEXPO-292227,BERKELEY ICF - 01,1301 OLD HIGHWAY 52 SOUTH,,MONCKS CORNER,SC,29461,(843)934-9445
SCEXPO,SCEXPO-292229,CARE FOCUS - 05,37 VILLA RD,SUITE 213,GREENVILLE,SC,29615,(864)233-9727
SCEXPO,SCEXPO-292231,NEW FOUNDATIONS - 23,2300 STANDRIDGE RD,,ANDERSON,SC,29625,(864)225-1628
SCEXPO,SCEXPO-292232,LIFE CONNECTIONS (FW) - 01,810 DUTCH SQUARE BLVD,SUITE 104,COLUMBIA,SC,29210,(803)521-2363
SCEXPO,SCEXPO-292234,TRI DEVELOPMENT CENTER -01,1016 VAUCLUSE RD,,AIKEN,SC,29801,(___)___-____
SCEXPO,SCEXPO-292235,TRI DEVELOPMENT SLP I - 01,240 CHURCH ST,,AIKEN,SC,29801,(803)642-1051
SCEXPO,SCEXPO-292236,MAX ABILITIES YORK COUNTY - 01,7900 PARK PLACE RD,,YORK,SC,29745,(803)628-5999
SCEXPO,SCEXPO-292237,UCP BINGO - 01,1101 HARBOR DRIVE,,WEST COLUMBIA,SC,29169,(765)238-9079
SCEXPO,SCEXPO-292238,THE TRIBBLE CENTER - 24,331 Julian Davis Dr,,SENECA,SC,29672,(864)885-6055
SCEXPO,SCEXPO-292239,GOLDEN RETREAT - 21,3262 CLEVELAND ST,,ELLOREE,SC,29047,(___)___-____
SCEXPO,SCEXPO-292240,COLLINS CHILDREN'S HOME - 09,,,,SC,,(___)___-____
SCEXPO,SCEXPO-292241,COASTAL AUTISM ACAD - 01,6367 BAY RD,,MYRTLE BEACH,SC,29588,(843)215-8080
SCEXPO,SCEXPO-292242,GROWING HOMES SE- 01,440 KNOX ABBOTT DR,STE 250,CAYCE,SC,29033,(803)791-5513
SCEXPO,SCEXPO-292243,SUNRISE SC - 01,1583 SAVANNAH HWY,,CHARLESTON,SC,29407,(843)327-2072
SCEXPO,SCEXPO-292601,BABCOCK - 01,2725 Banny Jones Ave.,,WEST COLUMBIA,SC,29170,(803)799-1970
SCEXPO,SCEXPO-292607,BABCOCK - 07,150 FLORA DR,,COLUMBIA,SC,,(803)834-7411
SCEXPO,SCEXPO-292622,BABCOCK - 22,2725 BANNY JONES AVE,,WEST COLUMBIA,SC,29170,(803)799-1970
SCEXPO,SCEXPO-299809,WALTER BRO - 01,110 GEDDINGS ROAD,,SUMTER,SC,28150,(803)506-2743
SCEXPO,SCEXPO-299901,INDEPENDENT - 01,,,,SC,,(___)___-____
SCEXPO,SCEXPO-299909,M & M- 09,,,,SC,,(___)___-____
SCEXPO,SCEXPO-299910,WISE CARE - 10,,,,SC,,(___)___-____
SCEXPO,SCEXPO-299915,INDEPENDENT - 15,,,,SC,,(___)___-____
SCEXPO,SCEXPO-299920,INDEPENDENT - 20,,,,SC,,(___)___-____
ONEPAC,3104,D&S - SOUTH,6800 WESTGATE BLVD,STE 102,AUSTIN,TX,78745,(512)504-9590
ONEPAC,3108,D&S - NORTH,2102 BLALOCK DRIVE,,AUSTIN,TX,78758,(512)419-1661
ONEPAC,3203,SEVITA BROWNSVILLE,3722 CALLE BUENOS AIRES,,BROWNSVILLE,TX,78526,(956)350-3428
ONEPAC,3224,D&S - ARLINGTON,1126 WEST PIONEER PKWY,,ARLINGTON,TX,76013,(682)323-4127
ONEPAC,3227,D&S - LUBBOCK,5224 75TH,SUITE B,LUBBOCK,TX,79424,(806)799-1721
ONEPAC,3228,D&S - DENTON,3401 E. UNIVERSITY DR,SUITE 104,DENTON,TX,76208,(940)484-0900
ONEPAC,3232,D&S - MCKINNEY,194 INDUSTRIAL BLVD,SUITE 105,MCKINNEY,TX,75069,(972)548-7562
ONEPAC,3240,D&S - BIG SPRING - NO DAYHAB,1315 BAYLOR BLVD.,,BIG SPRING,TX,79720,(432)816-8263
ONEPAC,3244,D&S - SAN ANTONIO,3300 NACOGDOCHES,STE 205,SAN ANTONIO,TX,78217,(210)545-1493
ONEPAC,3252,D&S - SAN ANGELO,3280 SHERWOOD WAY,,SAN ANGELO,TX,76901,(325)944-1809
ONEPAC,3256,D&S - LONGVIEW,440 NORTH EASTMAN ROAD,SUITE D,LONGVIEW,TX,75601,(903)983-1821
ONEPAC,3260,D&S - ABILENE,309 HICKORY ST,,ABILENE,TX,79601,(325)676-8992
ONEPAC,3264,D&S - COLLEGE STATION,1700 BARAK LANE,,BRYAN,TX,77802,(979)775-1590
ONEPAC,3268,D&S - BERTRAM  (NO DAYHAB),246 HWY 29 EAST,,BERTRAM,TX,78605,(512)355-3184
ONEPAC,3270,D&S - CONROE,17207 KUYKENDAHL RD,SUITE 271,SPRING,TX,77379,(281)713-4071
ONEPAC,3274,D&S - HOUSTON,17207 KUYKENDAHL RD,SUITE 271,SPRING,TX,77379,(713)863-7000
ONEPAC,3276,D&S - WICHITA FALLS,3010 Buchanan Street,,WICHITA FALLS,TX,76308,(940)696-6464
ONEPAC,3284,D&S - PARIS,35 12th SE,,PARIS,TX,75460,(903)409-4200
ONEPAC,3290,D&S - CORPUS,4110 KOSTORYZ RD,,CORPUS CHRISTI,TX,78415,(361)402-6850
ONEPAC,3292,D&S/TMN AMARILLO,2400 LAKEVIEW DR,SUITE 109,AMARILLO,TX,79109,(806)486-7148
ONEPAC,3295,SEVITA RGV,201 N. MCCOLL RD,,MCALLEN,TX,78501,(956)513-1313
CTTTE,CTTTE-352002,ALBERTA MANOR,21 VICTORIA RD,,HARTFORD,CT,6114,(860)296-8050
CTTTE,CTTTE-352005,CPM,75 SUMMIT ST,,MANCHESTER,CT,6450,(860)646-8683
CTTTE,CTTTE-352008,FRIENDS OF NEW MILFORD,238 CHESTNUT LAND RD,,NEW MILFORD,CT,6776,(___)___-____
CTTTE,CTTTE-352009,HUMANIDAD,750 OLD MAIN ST,,ROCKY HILL,CT,6067,(___)___-____
CTTTE,CTTTE-352010,ASCENSION,,,,CT,,(___)___-____
CTTTE,CTTTE-352013,MARCH,222 MCKEE STREET,,MANCHESTER,CT,6040,(___)___-____
CTTTE,CTTTE-352014,MIDDLEWOODS OF NEWINGTON,2125 MAIN ST,,NEWINGTON,CT,6111,(860)667-1336
CTTTE,CTTTE-352015,NETWORK,,,,CT,,(___)___-____
CTTTE,CTTTE-352016,OAK HILL,120 HOLCOMB ST,,HARTFORD,CT,6112,(860)242-2274
CTTTE,CTTTE-352017,PRIMECARE,562 WATERTOWN AVE,SUITE 3,WATERBURY,CT,6708,(203)597-8525
CTTTE,CTTTE-352019,STV CHILDRENS RESIDENTIAL,975 ORONOQUE LANE,,STRATFORD,CT,6614,(___)___-____
CTTTE,CTTTE-352020,STAR (EMAIL),182 WOLFPIT AVE,,NORWALK,CT,6851,(203)846-9581
CTTTE,CTTTE-352021,VINFEN,860 PROSPECT HILL RD,SUITE 110,WINDSOR,CT,6095,(860)688-3165
CTTTE,CTTTE-352022,WILA,45 MAPLE AVE,,WINDSOR,CT,6095,(860)688-2613
CTTTE,CTTTE-352024,VIABILITY,,,,CT,,(___)___-____
CTTTE,CTTTE-352025,GOOD LIFE,,,,CT,,(___)___-____
CTTTE,CTTTE-352027,ARI OF CT,174 RICHMOND HILL AVE,,STAMFORD,CT,6902,(203)324-9258
CTTTE,CTTTE-352029,THE KENNEDY COLLECTIVE,2440 RESERVOIR AVE,,TRUMBULL,CT,6611,(203)365-8522
CTTTE,CTTTE-352031,RHD CT,43 MARNE ST.,,HAMDEN,CT,6514,(475)441-7787
CTTTE,CTTTE-352032,CRI BEHAVIORAL HLTH,50 ROCKWELL RD,,NEWINGTON,CT,6111,(860)621-7600
CTTTE,CTTTE-352033,CRI ADULT/IDD,50 ROCKWELL RD,,NEWINGTON,CT,6111,(860)621-7600
CTTTE,CTTTE-352034,ARC OF SOUTHINGTON,201 W. MAIN ST,,PLANTSVILLE,CT,6479,(860)628-9220
CTTTE,CTTTE-352035,OAK HILL - (II),120 HOLCOMB ST,,HARTFORD,CT,6112,(860)242-2274
CTTTE,CTTTE-352036,SUNRISE NORTHEAST CT (EMAIL),80 WHITNEY STREET,,HARTFORD,CT,6105,(860)315-5983
CTTTE,CTTTE-352037,VINFEN (SYLVAN WAY),,,,CT,,(___)___-____
CTTTE,CTTTE-352038,ST VINCENTS ADULT SPECIAL NEED,101 MERRITT BLVD,,TRUMBULL,CT,6611,(___)___-____
CTTTE,CTTTE-352039,"HART UNITED, INC",127 WASHINGTON AVE,"WEST BLDG, 5TH FLOOR",NORTH HAVEN,CT,6473,(203)234-2200
CTTTE,CTTTE-352040,NEWFAC - MARC COMM RESOURCES,25 INDUSTRIAL PARK RD,,MIDDLETOWN,CT,6457,(860)342-0700
NJEXPO,362002,NIPD  (NJ-N),345 NORTH MAIN STREET,2ND FLOOR,NEW CITY,NY,10956,(845)358-5700
NJEXPO,362010,AHRC STATEN ISLAND (NY-N),83 MAIDEN LANE,,NEW YORK,NY,10038,(___)___-____
NJEXPO,362011,AHRC MANHATTAN (NY-E),83 MAIDEN LANE,,NEW YORK,NY,10038,(___)___-____
NJEXPO,362012,AHRC BROOKLYN (NY-E),83 MAIDEN LANE,,NEW YORK,NY,10038,(___)___-____
NJEXPO,362013,AHRC BRONX (NY-E),83 MAIDEN LANE,,NEW YORK,NY,,(___)___-____
NJEXPO,362014,AHRC QUEENS (NY-E),83 MAIDEN LANE,,NEW YORK,NY,10038,(___)___-____
NJEXPO,362015,AHRC SUPPORTED LIVING (NY-X),83 MAIDEN LANE,,NEW YORK,NY,10038,(___)___-____
NJEXPO,362016,ARC OF OTSEGO (NY-X),63 LOWER RIVER STREET,,ONEONTA,NY,13820,(607)433-8460
NJEXPO,362017,ARC OF COLUMBIA (NY-X),630 ROUTE 217,,MELLENVILLE,NY,12544,(518)672-4451
NJEXPO,362105,PATHFINDER VILLAGE (NY-X)(FDX),3 CHENANGO RD,,EDMESTON,NY,13335,(607)965-8377
NJEXPO,372102,RHD LIFE SHARING (PA-X) (FEDX),630 MUNICIPAL DR,SUITE 500,NAZARETH,PA,18064,(484)298-1333
NJEXPO,372103,RHD MAINSTAY (PA-S),4700 WISSAHICKON AVE,SUITE 126,PHILADELPHIA,PA,19144-4248,(215)951-0300
NJEXPO,372104,RHD BEYOND BOUND (PA-S),4700 WISSAHICKON AVE,SUITE 126,PHILADELPHIA,PA,19144-4248,(215)951-0300
NJEXPO,372105,RHD GENESIS (PA-X) (FEDX),4700 WISSAHICKON AVE,SUITE 126,PHILADELPHIA,PA,19144,(215)951-0300
NJEXPO,372106,RHD SHINING THROUGH(PA-X)(FDX),4700 WISSAHICKON AVE,SUITE 126,PHILADELPHIA,PA,19144-4248,(215)951-0300
NJEXPO,372107,RHD HARMONY (PA-X) (FEDX),4700 WISSAHICKON AVE,"SUITE 126, C/O DOROTHY WEBB",PHILADELPHIA,PA,19144-4248,(215)951-0300
NJEXPO,372108,SPECIAL FRIENDS  (PA-S),928 LINDALE AVE,,DREXIL HILL,PA,19026,(___)___-____
NJEXPO,372109,HOLY REDEEMER (PA-X) FEDEX,521 MOREDON RD,,HUNTINGDON VALLEY,PA,19006,(215)344-9455
NJEXPO,372110,LEHIGH VAL ADLT SV (PA-X)FEDEX,41 COMMUNITY DR,,EASTON,PA,18045,(610)438-5827
NJEXPO,372111,BEACON KEYSTONE PA (PA-X)FEDEX,100 ABINGTON EXECUTIVE PARK,SUITE B,CLARKS SUMMIT,PA,18411,(570)558-8900
NJEXPO,372112,MARY JO HEALTHCARE (PA-X)FEDEX,10501 ACADEMY RD,UNIT L,PHILADELPHIA,PA,19114,(215)941-7787
NJEXPO,372113,AEGIS (PA-S),659 CHURCH LANE,,YEADON,PA,19050,(610)259-2947
NJEXPO,372114,SUNRISE COMMUNITY  (PA-X),2 EDGEMOOR RD,,CHELTENHAM,PA,19012,(856)723-5895
NJEXPO,372115,DIVINE PROVIDENCE ICF (PA-S),686 OLD MARPLE RD,,SPRINGFIELD,PA,19064,(610)328-7730
NJEXPO,372116,MARTHA LLOYD ICF (PA-X),66 LLOYD LANE,,TROY,PA,16947,(570)297-2185
NJEXPO,372117,RHD BHH PA (NODH) (PA-S),4700 WISSAHICKON AVE,#126,PHILADELPHIA,PA,19144,(___)___-____
NJEXPO,372118,MELMARK ENGLE ICF 5PM (PA-X),2600 WAYLAND RD,BLDG 14 ; 9 LODGE WAY,BERWYN,PA,19312,(610)325-4737
NJEXPO,372119,MELMARK SCHOMKR ICF 5PM (PA-X),2600 WAYLAND RD,BLDG 8; 5 GARDEN WAY,BERYWN,PA,19312,(610)325-2911
NJEXPO,372120,MELMARK ASTON B ICF 5PM (PA-X),507 B WEIR RD,,ASTON,PA,19014,(610)859-8791
NJEXPO,372122,HEART TO HEART (PA-S),2233 W ALLEGHENY AVE,,PHILADELPHIA,PA,19129,(609)203-6991
NJEXPO,372123,AACS (NO DH) (PA-X),5549 OLD WILLIAM PENN HIGHWAY,UNIT 100,MURRYSVILLE,PA,15623,(___)___-____
NJEXPO,372124,RHD RSS (PA-X),10 E ATHENS AVENUE,SUITE 201,ARDMORE,PA,19003,(610)649-5330
NJEXPO,372125,RHD ADESHA VILLAGE (PA-X),519 LANCASTER AVENUE,,MALVERN,PA,19355,(610)321-2601
NJEXPO,372126,FREEDOM COMM CON (NO DH)(PA-X),215 LIGONIER LANE,,NEW KENSINGTON,PA,15068,(___)___-____
NJEXPO,372127,BEACON PA (PA-X),424 LEWISBERRY RD,,NEW CUMBERLAND,PA,17010,(570)558-8930
NJEXPO,372128,FAMILIES UNITED (NO DH) (PA-X),276 ASHLER MANOR DR,,MUNCY,PA,17756,(570)404-1467
NJEXPO,372129,WISNA SERENTITY (NO DH) (PA-X),,,,PA,,(704)682-2766
NJEXPO,372130,NORTHERN LIBRT (NO DH) (PA-S),432 TULPEHOCKEN AVE,SUITE 2,ELIJIS PARK,PA,19027,(215)403-1365
NJEXPO,372131,JS HOMES (NO DAYHAB) (PA-S),737 S 11TH ST,,PHILADELPHIA,PA,19147,(___)___-____
NJEXPO,372132,NEWFAC-RHD MAINSTAY UNITD(PA-X,3893 ADLER PLACE BLDG B,SUITE 100,BETHLEHEM,PA,18017,(610)882-3618
NJEXPO,372133,NEWFAC - RHD BLOOM (PA-X),3897 ADLER PLACE,BUILDING A,BETHLEHEM,PA,18018,(484)460-6527
NJEXPO,372134,NEWFAC - RHD EVERGREEN (PA-X),3897 ADLER PLACE,BUILDING A,BETHLEHAM,PA,18018,(484)460-6527
NJEXPO,376002,LIFEPATH (PA-N),3500 HIGH POINT BLVD,,BETHLEHEM,PA,18017,(610)264-5724
NJEXPO,376007,VOA (PA-S),2001 WELSH RD,,PHILADELPHIA,PA,19115,(215)633-1569
NJEXPO,376008,A&K COMP CARE (PA-S),39 S 50TH ST,,PHILADELPHIA,PA,19139,(215)820-1741
NJEXPO,376009,EIHAB (PA-X) (FEDX) NO DH,35 EAST TIOGA,,TUNKHANNOCK,PA,18657,(929)766-8077
NJEXPO,376501,RHA GROWTH HORIZN BUCKS (PA-S),1981 HARTEL ST,,LEVITTOWN,PA,19057,(215)945-9005
NJEXPO,376503,RHA PAHRTNERS E (PA-X) (FEDX),614 N EASTON RD,,GLENSIDE,PA,19038,(215)884-9770
NJEXPO,376504,RHA PAHRTNERS W(PA-X)(FDX)NODH,415 MOON CLINTON RD,,CORAOPOLIS,PA,15108,(215)884-9770
NJEXPO,376505,RHA SALISBURY (PA-X)NODH,236 BRODHEAD RD,SUITE 110,BETHLEHEM,PA,18017,(610)973-0970
NJEXPO,376506,RHA SALISBURY N (PA-N),236 BROADHEAD RD,SUITE 110,BETHLEHEM,PA,18017,(610)973-0970
NJEXPO,376507,RHA SAL LTSR (PA-X)NODH/BOTTLE,236 BROADHEAD RD,SUITE 110,BETHLEHEM,PA,18017,(610)973-0970
NJEXPO,376508,RHA SALISBURY S (NO DH) (PA-S),236 BROADHEAD RD,SUITE 110,BETHLEHEM,PA,18017,(610)973-0970
NJEXPO,376509,RHA GRWTH HRZN MNTGY GH (PA-X),120 GILBRALTAR RD,,HORSHAM,PA,19044,(215)706-2068
NJEXPO,377001,COM OPT SCHUYLKILL(PA-X)(FDX),1 PROGRESS CIRCLE,SUITE 100,POTTSVILLE,PA,17901,(484)878-7529
NJEXPO,377003,COM OPT LEHIGH (NODH)(PA-N),3710 BROADWAY,,ALLENTOWN,PA,18104,(484)221-8806
NJEXPO,377005,COM OPT DRUMS (PA-X) (FEDX),3 EAST BUTLER DRIVE,SUITE 201,DRUMS,PA,18222,(570)535-6038
NJEXPO,377007,COM OPT COLUMBIA (NODH)(PA-X),1117 OLD BERWICK RD,,BLOOMSBURG,PA,17815,(570)387-8100
NJEXPO,377009,COM OPT NORTHUMBERLAND (PA-X),1117 OLD BERWICK RD,,BLOOMSBURG,PA,17815,(570)701-4063
NJEXPO,377010,COM OPT SE BUCKS (PA-S),950 PENNSYLVANIA BLVD,,FEASTERVILLE-TREVOSE,PA,19053,(555)555-5555
NJEXPO,377011,COM OPT SE DELCO(NO DH) (PA-S),31 S. EAGLE RD,SUITE 201,HAVERTOWN,PA,19083,(555)555-5555
NJEXPO,377012,COM OPT SE KING OF PR. (PA-S),1010 WEST 9TH AVE,SUITE 10,KING OF PRUSSIA,PA,19406,(267)388-9105
NJEXPO,377013,COM OPT SE PHILLY(NO DH)(PA-S),2000 GRANT AVE,SUITE 202,PHILADELPHIA,PA,19115,(215)613-0745
NJEXPO,377015,COM OPT SE PHILLY APTS (PA-X),2000 GRANT AVE,SUITE 202,PHILADELPHIA,PA,19115,(215)613-0745
NJEXPO,377016,COM OPT SE BUCKS APTS (PA-X),950 PENNSYLVANIA BLVD,,FEASTERVILLE-TREVOSE,PA,19053,(555)555-5555
NJEXPO,377020,COM OPT CAMP HILL (PA-X),5237 EAST TRINDLE RD,,MECHANICSBURG,PA,17050,(717)779-1612
NJEXPO,377021,COM OPT YORK (PA-X),234 N FRONT STREET,3RD FLOOR,WRIGHTSVILLE,PA,17368,(717)850-2184
NJEXPO,377022,COM OPT LANCASTER (PA-X),234 N FRONT STREET,3RD FLOOR,WRIGHTSVILLE,PA,17368,(717)850-2184
NJEXPO,379999,PENN FOSTER/HH (PA-X) (FEDX),,,,PA,,(___)___-____
NJEXPO,382101,RHD DELAWARE (DE-X) (FDX),710 W. MATSON RUN PARKWAY,,WILMINGTON,DE,19802,(302)764-3660
NJEXPO,382102,MOSAIC DE (DE-X),261 CHAPMAN RD,SUITE 201,NEWARK,DE,19702,(302)456-5995
NJEXPO,386002,VILLAGE OF HOPE (DE-X) (FEDEX),32 PIN OAK DRIVE,,DOVER,DE,19904,(302)279-0406
NJEXPO,386003,ABOVE EXPECTATIONS (DE-X)(FDX),321 DELAWARE AVE,,HARRINGTON,DE,19952,(302)786-2912
NJEXPO,386005,BONNIE'S HOME (DE-X) (FDX),506 CORIANDER COURT,,BEAR,DE,19701,(856)434-8428
NJEXPO,392001,ARC OF BERGEN/PASS (NJ-N),223 MOORE STREET,,HACKENSACK,NJ,7601,(201)343-0322
NJEXPO,392002,AVIDD (NJ-N),92 BROADWAY,,DENVILLE,NJ,7834,(973)664-1770
NJEXPO,392003,ABLELIGHT (BETHESDA) (NJ-N),220 HAMBURG TURNPIKE,,POMPTON LAKES,NJ,7442,(973)831-4088
NJEXPO,392005,CAFS (NJ-N),200 ROBIN RD,,PARAMUS,NJ,7652,(201)261-2800
NJEXPO,392007,COMMUNITY HOPE -NO DH- (NJ-N),959 US-46,#402,PARSIPPANY,NJ,7054,(973)463-9600
NJEXPO,392008,PILLAR CARE CONTINUUM (NJ-N),220 S ORANGE AVE,#300,LIVINGSTON,NJ,7039,(973)763-9900
NJEXPO,392009,DPD/CATHOLIC CHARITIES (NJ-N),1 CATHOLIC CHARITIES WAY,,OAK RIDGE,NJ,7438,(973)935-0885
NJEXPO,392010,HEART TO HEART N (NJ-N),576 CENTRAL AVENUE,SUITE 301,EAST ORANGE,NJ,7018,(973)678-5500
NJEXPO,392012,J-ADD (NJ-N),50 EISNEHOWER DR,SUITE 202,PARAMUS,NJ,7652,(201)457-0058
NJEXPO,392013,LIFE OPPORTUNITIES (NJ-N),75 NORTH MAPLE AVENUE,,RIDGEWOOD,NJ,7450,(201)689-1128
NJEXPO,392016,NEW CONCEPTS FOR LIVING (NJ-N),765 ROUTE 17,,PARAMUS,NJ,7652,(201)843-3427
NJEXPO,392019,PILOT (NJ-S),283 JACKSON ROAD,,BERLIN,NJ,8009,(856)809-0600
NJEXPO,392021,SERV (NJ-N),777 BLOOMFIELD AVENUE,,CLIFTON,NJ,7012,(646)458-2106
NJEXPO,392022,SPECTRUM (NJ-N),210 RIVERVALE ROAD,,RIVERVALE,NJ,7675,(201)358-8000
NJEXPO,392026,WEST BERGEN (NJ-N),120 CHESTNUT STREET,,RIDGEWOOD,NJ,7450,(201)444-3550
NJEXPO,392027,FORDHAM LEWIS (NJ-N),613 HOPE RD,STE 5,EATONTOWN,NJ,7724,(551)500-4921
NJEXPO,392029,SPECTRUM ICF (NJ-N) NO DH,50 BLANCH AVE,,CLOSTER,NJ,7624,(201)784-9400
NJEXPO,392032,ARC OF MONMOUTH (NJ-N),1158 WAYSIDE RD,,TINTON FALLS,NJ,7712,(732)493-1919
NJEXPO,392034,PENN REACH (NJ-N),43 PARK BLVD,,CLEMENTON,NJ,8021,(609)802-2802
NJEXPO,392061,ARC OF OCEAN (NJ-N),815 CEDAR BRIDGE AVE,,LAKEWOOD,NJ,8701,(732)363-3335
NJEXPO,392062,CAPITOL CARE (NJ-N),185 STATE ROUTE 183,,STANHOPE,NJ,7874,(844)437-3482
NJEXPO,392063,EASTER SEALS (NJ-N),25 KENNEDY BLVD,STE 600,EAST BRUNSWICK,NJ,8816,(732)257-6662
NJEXPO,392069,TENDER CARE - NO DH (NJ-N),934 STUYVESANT AVE,,UNION,NJ,7083,(973)500-3947
NJEXPO,392071,21 PLUS INC (NJ-N),1900 RT 70,STE 12,MANCHESTER,NJ,8759,(732)240-3118
NJEXPO,392072,BEACON KEYSTONE (NJ-X),100 ABINGTON EXECUTIVE PARK,SUITE B,CLARKS SUMMIT,PA,18411,(570)301-6714
NJEXPO,392073,MIDLAND ADULT SERVICES (NJ-N),94 READINGTON RD,PO BOX 5026,NORTH BRANCH,NJ,8876,(908)704-2365
NJEXPO,392089,OAKS INTEGRATED CARE (NJ-N),770 WOODLANE RD,,MT HOLLY,NJ,8060,(609)267-5928
NJEXPO,392090,REED NEXT (NJ-N),25 POTASH RD,,OAKLAND,NJ,7436,(201)644-0760
NJEXPO,392126,YAI (NJ-N),1463 MACOPIN RD,,WEST MILFORD,NJ,7480,(973)223-8262
NJEXPO,392127,ATTAIN AND GAIN (NJ-N),15 RALPH ROAD,,WEST ORANGE,NJ,7052,(973)325-0341
NJEXPO,392128,NEWFAC - HUDSON HILL (NJ-N),87 WEST END AVE,APT 1,SOMERVILLE,NJ,8876,(___)___-____
NJEXPO,392501,RHA NJ NORTH (NJ-X) FEDEX,4 GAIL COURT,Deliver to Nursing Office,SPARTA,NJ,7871,(862)254-3543
NJEXPO,392502,RHA BROADWAY (NJ-N),1215 LIVINGSTON AVE,SUITE 200,NORTH BRUNSWICK,NJ,8902,(908)213-5464
NJEXPO,396007,ARC OF BURLINGTON (NJ-S),115 E BROAD ST.,,BURLINGTON,NJ,8016,(609)531-0211
NJEXPO,396009,ARC OF CAMDEN COUNTY (NJ-S),215 W. WHITE HORSE PIKE,,BERLIN,NJ,8009,(856)767-3650
NJEXPO,396013,ARC OF GLOUCESTER (NJ-S),1555 GATEWAY BLVD,,WEST DEPTFORD,NJ,8096,(856)848-8648
NJEXPO,396017,ARC OF SALEM (NJ-S),150 SALEM-WOODSTOWN RD,P.O. BOX 5,SALEM,NJ,8079,(856)935-3600
NJEXPO,396019,AVE TO INDPNDT. LIVING (NJ-S),304 S. BROAD ST,,WOODBURY,NJ,8096,(___)___-____
NJEXPO,396045,CFG --NO DAYHAB-- (NJ-S),1000 ATLANTIC AVE,,CAMDEN,NJ,8104,(___)___-____
NJEXPO,396047,OAKS INTEG - COLES RUN (NJ-S),770 WOODLANE RD,,MT. HOLLY,NJ,8060,(609)267-5928
NJEXPO,396049,VICTORIA MANOR (NJ-S),16 ASBERRY PL,,SICKLERVILLE,NJ,08081-1720,(856)842-4438
NJEXPO,396052,CROSSROADS INFANTS (NJ-S),610 BEVERLY-RANCOCAS RD,,WILLINGBORO,NJ,8046,(609)880-0210
NJEXPO,396053,CROSSROADS (NJ-S),610 BEVERLY-RANCOCAS RD,,WILLINGBORO,NJ,8046,(609)880-0210
NJEXPO,396056,CROSSROADS TREATMT HOMES(NJ-S),610 BEVERLY RANCOCAS RD,,WILLINGBORO,NJ,8046,(609)880-0210
NJEXPO,396061,DURAND (NJ-S),230 N EVERGREEN AVE,,WOODBURY,NJ,8096,(856)845-0666
NJEXPO,396067,EQUAL PARTNERS (NJ-S),774 EAYERSTOWN RD,STE 204,LUMBERTON,NJ,8048,(609)784-8475
NJEXPO,396079,KELSCH (NJ-S),368 BROADWAY,,WESTVILLE,NJ,8093,(856)456-2022
NJEXPO,396089,OAKS INTEGRATED CARE (NJ-S),770 WOODLANE RD,,MT HOLLY,NJ,8060,(609)267-5928
NJEXPO,396093,OAKS INTEG - OASIS (NJ-S),770 WOODLANE RD,,MT HOLLY,NJ,8060,(609)267-5828
NJEXPO,396099,PENN REACH (NJ-S),43 PARK BLVD,,CLEMENTON,NJ,8021,(609)802-2802
NJEXPO,396120,21 PLUS INC (NJ-S),1900 RT 70,STE 12,MANCHESTER,NJ,8759,(732)240-3118
NJEXPO,396126,YAI (NJ-S),1463 MACOPIN RD,,WEST MILFORD,NJ,7480,(973)223-8262
NJEXPO,396127,HEART TO HEART S (NJ-S),576 CENTRAL AVENUE,SUITE 301,EAST ORANGE,NJ,7018,(973)678-5500
NJEXPO,396128,NEWFAC - COMFORT CARE (NJ-S),14 JACKSON LANE,,SICKLERVILLE,NJ,8081,(856)818-9884
NJEXPO,396501,RHA NJ SOUTH (NJ-S),501 KING AVE,,CHERRY HILL,NJ,8002,(973)320-7882
NJEXPO,397304,COM OPT DENVILLE (NJ-N),95 E MAIN ST,SUITE 201,DENVILLE,NJ,7834,(973)872-7111
NJEXPO,397305,COM OPT OCEAN (NJ-N),510 SOUTH MAIN STREET,,FORKED RIVER,NJ,8731,(___)___-____
NJEXPO,397601,COM OPT - SOUTH (NJ-S),502 SALEM AVE,8563085776 ALT NUM,WOODBURY,NJ,8096,(856)285-7155
ILEXPO,402179,BENCHMARK (NO DH) (MO),680 CRAIG RD,STE 308,ST. LOUIS,MO,63141,(314)542-9806
KSTTE,KSTTE-405002,ABLELIGHT SERVICES (MO) 01,2608 AURORA AVENUE,,MARYVILLE,MO,64468,(660)582-7371
KSTTE,KSTTE-405008,ACHIEVING LIFE SKILLS 01,129 TOWER DR,,WARSAW,MO,65355,(660)438-3488
KSTTE,KSTTE-405020,BEACH HOUSE 01,8626 N SHELDON AVE,,KANSAS CITY,MO,64153,(816)582-7956
KSTTE,KSTTE-405031,CHARITON VALLEY 01,2500 CHELAN CIR,,COLUMBIA,MO,65203,(573)303-8647
KSTTE,KSTTE-405040,COMMON GROUND FARMSTEAD 01,11728 NE WOODRIDGE LN,,CAMERON,MO,64429,(816)284-9926
KSTTE,KSTTE-405072,EASTERSEALS MIDWEST 01,3126 HIRTER DR,,ST JOSEPH,MO,64506,(800)200-2119
KSTTE,KSTTE-405201,PIKE COUNTY 01,900 INDEPENDENCE DR,HOUSE 2,BOWLING GREEN,MO,63334,(555)555-5555
KSTTE,KSTTE-405214,RESCARE (MO) 01,432 E GRAYROCK DR,,SPRINGFIELD,MO,65810,(417)872-8399
KSTTE,KSTTE-405219,RESTORING HOPE 01,408 WASHINGTON AVE,STE 200,WEST PLAINS,MO,65775,(___)___-____
KSTTE,KSTTE-405230,SEVITA (MO) 01,2100 FORUM BLVD,STE A,COLUMBIA,MO,65343,(573)256-3707
KSTTE,KSTTE-405232,SEVITA - KC METRO 01,827 NW COMMERCE DR,,LEES SUMMIT,MO,64086,(816)927-4905
KSTTE,KSTTE-405263,STONE COUNTY 01,15765 STATE HWY 13,STE 3,BRANSON WEST,MO,65737,(417)272-0444
KSTTE,KSTTE-405266,VANTAGE SUPPORTED LIVING 01,411 ASH AVE,,CALIFORNIA,MO,65018,(___)___-____
KSTTE,KSTTE-407103,GRACE HOME II 22,4122 NW 76TH ST,,KANSAS CITY,MO,64151,(816)210-0775
KSTTE,KSTTE-407139,KINDRED AVEN GROUP HOME 15,8121 NW EASTSIDE DR,,WEATHERBY LAKE,MO,64152,
KSTTE,KSTTE-408030,CENTER FOR HUMAN SVCS 22,1500 EWING DRIVE,,SEDALIA,MO,65301,(660)826-4400
ILEXPO,412102,PACTT LEARNING (IL)(STE),712 BELLEFORTE,AT END OF DRIVEWAY BEHIND 714,OAK PARK,IL,60302,(773)338-9102
ILEXPO,412103,ABRA (IL)- NO DAYHAB,107 N 4TH ST,,SHELDON,IL,60966,(815)429-3007
ILEXPO,412104,ESPERANZA COMM SERV (IL(STE)),520 NORTH MARSHFIELD,,CHICAGO,IL,60622,(312)243-6097
ILEXPO,412106,COMM SUPPORT SERV (IL(STE)),9021 OGDEN AVE,,BROOKFIELD,IL,60513,(708)688-2152
ILEXPO,412108,AVANCER HOMES (IL) (STE),350 SYCAMORE RD,,GENOA,IL,60135,(815)784-5146
ILEXPO,412110,SHORE WEST (IL(STE)),8350 LARAMIE AVE,,SKOKIE,IL,60077,(847)982-2030
ILEXPO,412112,SHORE EAST/ICF (IL(STE)),8350 LARAMIE AVE,,SKOKIE,IL,60077,(847)982-2030
ILEXPO,412114,SHORE MAIN (STE) (IL),8350 LARAMIE AVE,,SKOKIE,IL,60077,(847)982-2030
ILEXPO,412116,GARDEN CENTER SERVICE(IL(STE)),8345 S. AUSTIN AVE,,BURBANK,IL,60459,(708)398-6570
ILEXPO,412118,EP!C (IL),1913 W TOWNLINE RD,,PEORIA,IL,61615,(309)691-3800
ILEXPO,412121,ASPIRE (COOK) (NODH)(IL (STE)),4110 LITT DR,,HILLSIDE,IL,60162,(708)236-0979
ILEXPO,412123,ASPIRE (LAKE) (NO DH) IL,1530 SHIELDS DRIVE,,WAUKEGAN,IL,60085,(847)912-7284
ILEXPO,412125,HELPING HAND CENTER (IL(STE)),6160 EAST AVENUE,,HODGKINS,IL,60525,(708)352-3580
ILEXPO,412127,DCARE (IL(STE)) -NO DH-,21816 OLIVIA AVE,,SAUK VILLAGE,IL,60411,(773)941-4468
ILEXPO,412129,LIFELONG ACCESS (IL) (NO DH),2000 JACOBSSEN DR,,NORMAL,IL,61761,(309)451-8888
ILEXPO,412132,TIMBER RIDGE SOUTH (ICF) (IL),2125 VETERANS RD,(LOOK FOR TIMBER RIDGE SIGN),MORTON,IL,61550,(309)291-2287
ILEXPO,412134,TIMBER RIDGE NORTH (ICF) (IL),2125 VETERANS RD,(LOOK FOR TIMBER RIDGE SIGN),MORTON,IL,61550,(309)291-2287
ILEXPO,412140,AUSTIN SPECIAL (IL(STE)),5316 N ELSTON AVE,(RING BOTH DOORBELLS),CHICAGO,IL,60630,(555)555-5555
ILEXPO,412143,RCAP ENTERPRISES (IL),5503 E MAIN ST,,CHILLICOTHE,IL,61523,(555)555-5555
ILEXPO,412145,ANIXTER (NO DH) (IL(STE)),6610 N CLARK ST,,CHICAGO,IL,60626,(773)761-1501
ILEXPO,412147,SERT. STAR-CHI (NO DH)(STE-IL),4343 W 123RD ST,,ALSIP,IL,60803,(708)755-8030
ILEXPO,412149,SERTOMA STAR (NO DH) (STE-IL),4343 W. 123RD ST,,ALSIP,IL,60803,(708)755-8030
ILEXPO,412150,JOSEPH REHABILITATION (IL),21209 SHANNON DRIVE,,MATTESON,IL,60443,(708)205-4358
ILEXPO,412151,OAKWOOD ESTATES (ICF) (IL),2213 VETERANS RD,,MORTON,IL,61550,(309)263-8484
ILEXPO,412153,LINDEN ESTATES (ICF) (IL),1000 LINDEN ST,"""LINDEN ESTATES""",MORTON,IL,61550,(309)263-8992
ILEXPO,412155,APOSTOLIC CHRISTIAN GH (IL),107 E JEFFERSON ST,,MORTON,IL,61550,(309)263-2901
ILEXPO,412157,DSC (IL),1304 W BRADLEY AVE,,CHAMPAIGN,IL,61821,(217)356-9176
ILEXPO,412160,RAY GRAHAM (IL(STE)),420 W MADISON,,ELMHURST,IL,60126,(630)279-7106
ILEXPO,412163,L'ARCHE CHICAGO (NODH) (IL),7313 MADISON ST,,FOREST PARK,IL,60130,(708)660-1600
ILEXPO,412166,ENVISION NORTH (STE) NODH (IL),1801 N SPAULDING AVE.,,CHICAGO,IL,60647,(773)276-0444
ILEXPO,412169,PIONEER CENTER (IL) (FEDEX),4031 W DAYTON ST,,MCHENRY,IL,60050,(815)759-7241
ILEXPO,412171,LITTLE CITY FOUNDATION (STE),1590 COMMUNITY DR,ADMIN BUILDING,PALATINE,IL,60067,(847)221-7129
ILEXPO,412173,ADA S. MCKINLEY (NODH) (IL),1863 S WABASH AVE,,CHICAGO,IL,60616,(312)554-0600
ILEXPO,412175,KESHET (IL),799 CENTRAL AVE,"SUITE 300, 2ND FLOOR",HIGHLAND PARK,IL,60035,(847)205-1234
ILEXPO,412177,ENVISION SOUTH (NODH) (IL),418 MIAMI STREET,(FRONT DOOR),PARK FOREST,IL,60466,(708)856-0221
ILEXPO,412182,CAN OF ILLINOIS (IL),15841 TERRACE DRIVE,,OAK FOREST,IL,60452,(708)687-2038
ILEXPO,412184,BLUE CAP SERVICES (IL),2155 BROADWAY,,BLUE ISLAND,IL,60406,(708)389-6578
ILEXPO,412187,ARC OF IROQUOIS (NODH) (IL-X),700 E ELM ST,,WATSEKA,IL,60970,(815)383-5225
ILEXPO,412189,ACTIVE VISIONS OFFICE (IL-STE),5719 N CENTRAL AVE,,CHICAGO,IL,60646,(773)594-0921
ILEXPO,412190,ACTIVE VISIONS HOME(IL-STE),5719 N CENTRAL AVE,,CHICAGO,IL,60646,(773)594-0921
ILEXPO,412191,LUTHERAN SOCIAL SERVICES,612 WASHINGTON ST,,BEARDSTOWN,IL,62618,(217)323-5367
ILEXPO,412193,A+ AUTISM SOLUTIONS (IL),1212 W FLOURNOY ST,,CHICAGO,IL,60607,(312)405-1576
ILEXPO,412195,COMMUNITY LINK (IL),955 N PLUM ST,,BREESE,IL,62230,(618)526-8800
ILEXPO,412197,FUTURES UNLIMITED,210 E TORRANCE AVE,,PONTIAC,IL,61764,(815)842-1122
ILEXPO,412199,NEWFAC -VISTA CARE SOUTHERN IL,114 WAKANDA DR,SUITE A,LEBANON,IL,62254-1193,(920)457-0826
ILEXPO,412200,VISTA CARE CENTRAL IL,760 S POSTVILLE DRIVE,,LINCOLN,IL,62656,(555)555-5555
ILEXPO,412202,NEWFAC-PROGRESSIVE HOUSING(IL),20180 GOVERNORS DRIVE,#300,OLYMPIA FIELDS,IL,60461,(702)283-1530
ILEXPO,412701,UCP SEGUIN CENTRAL (IL(STE)),3100 S CENTRAL AVE,,CICERO,IL,60804,(708)863-3803
ILEXPO,412703,UCP SEGUIN WEST (IL(STE)),3100 S CENTRAL AVE,,CICERO,IL,60804,(708)863-3803
ILEXPO,412705,UCP SEGUIN SOUTH (IL(STE)),3100 S CENTRAL AVE,,CICERO,IL,60804,(708)863-3803
ILEXPO,419999,IL FC/SHL,SEE NURSING STATION ADDRESS,,(STATE WIDE),IL,,(555)555-5555
ONEPAC,4204,CENTRAL COUNTIES SERVICES,1103 MARY JANE ST,,BELTON,TX,76513,(254)899-3023
ONEPAC,4220,LAKES REGIONAL - GREENVILLE,4804 WESLEY ST.,,GREENVILLE,TX,75401,(903)454-8401
ILEXPO,422001,VISTA CARE WI - ADAMS,708 ERIE AVE,SUITE 201,SHEBOYGAN,WI,53081,(920)457-0826
ONEPAC,4223,LAKES REGIONAL-PARIS (NO DH),2870 NORTH MAIN,,PARIS,TX,75462,(903)783-1184
ONEPAC,4225,LAKES REGIONAL - TERRELL,206 LEE STREET,,TERRELL,TX,75160,(469)214-0256
ONEPAC,4227,LAKES REGIONAL - ELLIS COUNTY,408 ROYAL ST,,WAXAHACHIE,TX,75165,(903)467-7740
ONEPAC,432002,MN DHS COMM BASED SRV (MN),3200 LABORE RD,SUITE 104,VADNAIS HEIGHTS,MN,55110-5186,(651)766-4117
ONEPAC,432005,CAN OF MN (MN),322 N 60TH AVE WEST,,DULUTH,MN,55807,(218)624-3097
ONEPAC,4501,DDMS OF HOUSTON,4115 GALVESTON RD,,HOUSTON,TX,77017,(713)475-2228
ONEPAC,4505,DDMS BEAUMONT,2750 S. 4TH ST.,,BEAUMONT,TX,77701,(409)832-4112
ONEPAC,462001,HOH GRAND ISLAND (NE),1719 S Locust St,,GRAND ISLAND,NE,68801,(402)699-4902
ONEPAC,462003,HOH NORTH PLATTE (NE),675 HALLIGAN DR,,NORTH PLATTE,NE,69101,(308)539-4267
ONEPAC,462005,HOH KEARNEY (NE),5609 1ST AVE,APT B,KEARNEY,NE,68847,(555)555-5555
ONEPAC,462010,HOH LINCOLN (NE),3940 CORNHUSKER HWY,SUITE 10,LINCOLN,NE,68504,(402)630-1275
ONEPAC,462014,HOH BELLEVUE (NE),105 E MISSION AVE,STE 105,BELLEVUE,NE,68005,(402)979-8113
ONEPAC,462016,HOH OMAHA (NE),105 E MISSION AVE,STE 105,BELLEVUE,NE,68005,(402)704-8037
ONEPAC,4701,TEXANA ROSENBERG,4706 AIRPORT AVE,BUILDING B,ROSENBERG,TX,77471,(281)239-1300
ONEPAC,4703,TEXANA - EL CAMPO,123 W. FIRST ST,,EL CAMPO,TX,77437,(979)270-2185
ONEPAC,4705,TEXANA WHARTON,1017 1/2 NORTH ALABAMA,,WHARTON,TX,77488,(346)702-5565
ONEPAC,4709,TEXANA MISSOURI CITY,4706 AIRPORT AVE,BUILDING B,ROSENBERG,TX,77471,(281)499-4575
ONEPAC,472002,FIRST RESOURCES OTTUMWA (IA),207 W. 2nd Street,Suite 4,OTTUMWA,IA,52501,(641)682-8114
ONEPAC,472004,FIRST RESOURCES OSKALOOSA (IA),117 FIRST AVE WEST,,OSKALOOSA,IA,52577,(555)555-5555
ONEPAC,472005,MAINSTREAM LIVING (IA),2012 E 13TH ST,,AMES,IA,50010,(515)232-8405
ONEPAC,472007,MAINSTREAM ADEL/PERRY (IA),2012 E 13TH ST,,AMES,IA,50010,(515)232-8405
ONEPAC,472009,SUNRISE OF IOWA,129 PLAZA CIRCLE,,WATERLOO,IA,50701,(319)888-6465
ONEPAC,472010,SUNRISE SUPPORTED LIVING (IA),2323 GRAND AVE,,DES MONIES,IA,50312,(319)888-6465
ONEPAC,472111,MAINSTREAM BHV HL (NO DH) (IA),704 FREMONT ST,,DES MOINES,IA,50316,(515)321-4403
ONEPAC,472113,MAINSTREAM IDD (NO DH) (IA),333 SW 9TH ST,SUITE C,DES MOINES,IA,50309,(515)243-8115
ONEPAC,472115,HOH IOWA (IA),105 E MISSION AVE,STE 105,BELLEVUE,NE,68005,(402)704-8037
ONEPAC,477001,COMOP IOWA (NO DH),300 W BROADWAY,SUITE 109,COUNCIL BLUFFS,IA,51503,(712)713-0487
ONEPAC,4801,NEWFAC - MCKINNEY DIRECT CARE,1871 HARROUN AVENUE,SUITE 100,MCKINNEY,TX,75069,(214)856-5552
KS2TTE,KS2TTE-480111,CLASS-PARSONS 01,1207 PARTRIDGE,,PARSON,KS,67357,(620)423-4987
KS2TTE,KS2TTE-480112,CLASS-COFFEYVILLE 01,2801 W. MAIN ST,STE B,INDEPENDENCE,KS,67301,(620)330-0838
KS2TTE,KS2TTE-480113,CLASS-INDEPENDENCE 01,2801 W. MAIN ST,STE B,INDEPENDENCE,KS,67301,(620)330-0838
KS2TTE,KS2TTE-480114,AIDCARE SERVICES 01,9235 E. HARRY ST,,WICHITA,KS,67207,(316)243-4090
KS2TTE,KS2TTE-480125,GOODLIFE (W) 01,770 N. SILVER SPRINGS BLVD,APT 503,WICHITA,KS,67212,(___)___-____
KS2TTE,KS2TTE-480128,HEARTLAND SUPPORTS 01,313 MUSE ST,,NEWTON,KS,11111,(111)111-1111
KS2TTE,KS2TTE-480135,MCDS 01,2107 INDUSTRIAL DRIVE,,MCPHERSON,KS,67460,(620)241-6693
KS2TTE,KS2TTE-480140,NEW BEGINNINGS MCPHERSON 01,891 VANGUARD ST,,MCPHERSON,KS,67460,(620)755-7057
KS2TTE,KS2TTE-480143,NEW HORIZONS 01,1813 S OHIO ST,,SALINA,KS,67401,(785)833-6540
KS2TTE,KS2TTE-480146,RESCARE-NEWTON 01,700 E 14TH ST,,NEWTON,KS,67114,(316)283-5170
KS2TTE,KS2TTE-480147,RESCARE-SALINA 01,2100 S. 9TH ST,,SALINA,KS,67401,(785)515-2725
KS2TTE,KS2TTE-480148,RESCARE-WICHITA 01,5112 E 36TH ST N,,WICHITA,KS,67220,(316)260-9661
KS2TTE,KS2TTE-480149,RESCARE-WINFIELD 01,317 N. VIKING BLVD,,WINFIELD,KS,67156,(620)221-4112
KS2TTE,KS2TTE-480151,ROSEWOOD SERVICES 01,2120 11th Street,,GREAT BEND,KS,67530,(620)617-1677
KS2TTE,KS2TTE-480163,STARKEY INC 01,4500 W. MAPLE,,WICHITA,KS,67209,(316)512-4111
KS2TTE,KS2TTE-480165,SUCCESSFUL DREAMS 01,118 W. MYRTLE ST,,INDEPENDENCE,KS,67301,(620)330-2966
KS2TTE,KS2TTE-480529,JOURNEYS INC 05,501 MERCHANT ST,BOX A,EMPORIA,KS,66801,(620)757-6050
KS2TTE,KS2TTE-480752,ROSEWOOD SERVICES 07,2120 11th Street,,GREAT BEND,KS,67530,(620)617-1677
KS2TTE,KS2TTE-481021,FLINTHILLS 10,505 S. WALNUT VALLEY DR,,ELDORADO,KS,67042,(316)321-2325
KS2TTE,KS2TTE-481223,FLINTHILLS - CHART ONLY,505 S. WALNUT VALLEY DR,,ELDORADO,KS,67042,(316)322-5552
KS2TTE,KS2TTE-481453,ROSEWOOD SERVICES 14,2120 11th Street,,GREAT BEND,KS,67530,(620)617-1677
KS2TTE,KS2TTE-481510,CAPPER FOUNDATION 15,622 N HAVERHILL,,EL DORADO,KS,67402,(316)320-7531
KS2TTE,KS2TTE-481512,CLASS LTD CHEROKEE 15,1200 MERLE EVANS DR,,COLUMBUS,KS,66725,(___)___-____
KS2TTE,KS2TTE-481514,CLASS LTD CRAWFORD 15,2928 N ROUSE ST,,PITTSBURG,KS,66762,(620)429-1212
KS2TTE,KS2TTE-481561,STARKEY INC 15,4500 W. MAPLE,,WICHITA,KS,67209,(316)512-4111
KS2TTE,KS2TTE-482022,FLINTHILLS 20,505 S. WALNUT VALLEY DR,,ELDORADO,KS,67042,(316)322-5552
KS2TTE,KS2TTE-482026,GREAT PLAINS 05,2501 N MAIN ST,PO BOX 501,NORTH NEWTON,KS,67117,(316)333-8197
KS2TTE,KS2TTE-482038,MOSAIC 20,122 N DOUGLAS AVE,,ELLSWORTH,KS,67439,(785)472-4081
KS2TTE,KS2TTE-482071,TRIVALLEY - MOLINE/EUREKA 20,116 N. MAIN ST,,MOLINE,KS,67353,(620)647-3602
KS2TTE,KS2TTE-482099,INDIVIDUALS 20,,,,KS,,(___)___-____
KS2TTE,KS2TTE-482154,ROSEWOOD SERVICES 21,2120 11th Street,,GREAT BEND,KS,67530,(620)282-5010
KS2TTE,KS2TTE-482262,STARKEY INC 22,4500 W. MAPLE,,WICHITA,KS,67209,(316)512-4111
KS2TTE,KS2TTE-482572,TRIVALLEY - NEODESHA 25,1001 WILSON,,NEODESHA,KS,66757,(620)647-3602
KS2TTE,KS2TTE-482630,LIFEWORKS 26,1855 S. ROCK RD,,WICHITA,KS,67207,(316)201-1203
KSTTE,KSTTE-484141,KNI-COTTONWOOD - DS28,3107 SW 21ST ST,,TOPEKA,KS,66604,(785)296-5396
KSTTE,KSTTE-484142,KNI-FLINTHILLS - DS28,3107 SW 21ST ST,,TOPEKA,KS,66044,(785)296-5396
KSTTE,KSTTE-484143,KNI-HONEYBEE - DS28,3107 SW 21ST ST,,TOPEKA,KS,66604,(785)296-5396
KSTTE,KSTTE-484144,KNI-MEADOWLARK - DS28,3107 SW 21ST ST,,TOPEKA,KS,66604,(785)296-5396
KSTTE,KSTTE-485010,ADVANCED INDIVIDUAL SRVS 01,3410 SW VAN BUREN ST,,TOPEKA,KS,66611,(785)554-6487
KSTTE,KSTTE-485015,ALTAR SUPPORT 01,6401 ROSWELL AVE,,KANSAS CITY,KS,66104,(913)915-1380
KSTTE,KSTTE-485017,AVANCE-D COMM ALT 01,7424 SW 33RD ST,,TOPEKA,KS,66614,(785)408-9941
KSTTE,KSTTE-485034,GOODLIFE (L) 01,1919 DELAWARE,,LAWRENCE,KS,66046,(785)331-0957
KSTTE,KSTTE-485042,COMMUNITY ASSISTED LIVING 01,806 COLORADO AVE,,HOLTON,KS,66436,(785)364-6128
KSTTE,KSTTE-485044,COMMUNITY CONNECTION 01,4000 SW 215TH ST,,BUCYRUS,KS,66013,(913)302-3719
KSTTE,KSTTE-485048,COMPASSIONATE CARE SVCS 01,3301 SW VAN BUREN ST,,TOPEKA,KS,66611,(785)783-8785
KSTTE,KSTTE-485074,EEROMA RESOURCES 01,6600 COLLEGE AVE,STE 200,OVERLAND PARK,KS,66112,(913)406-7994
KSTTE,KSTTE-485084,EXPLORING LIFE 01,4208 SW SHENANDOAH RD,,TOPEKA,KS,66610,(785)228-1523
KSTTE,KSTTE-485101,GAMETIME LIVING 01,2080 SW LINCOLN ST,,TOPEKA,KS,66604,(785)806-6739
KSTTE,KSTTE-485111,HAPPYSUN CARE SERVICES 01,10520 BARKLEY,STE 110,OVERLAND PARK,KS,66212,(913)319-9712
KSTTE,KSTTE-485121,JCDS 01,10501 LACKMAN RD,,LENEXA,KS,66219,(913)826-2626
KSTTE,KSTTE-485132,JUST IN TIME ADULT CARE 01,7540 LEAVENWORTH RD,,KANSAS CITY,KS,66102,(913)371-9363
KSTTE,KSTTE-485163,MOSAIC OF NE KS 01,8047 PARALLEL PARKWAY,,KANSAS CITY,KS,66112,(___)___-____
KSTTE,KSTTE-485180,OPTIONS SERVICES 01,8910 W 62ND TERR,,MERRIAM,KS,66202,(913)393-3306
KSTTE,KSTTE-485202,QUEST SERVICES 01,2608 W 12TH AVE,,EMPORIA,KS,66801,(620)208-6180
KSTTE,KSTTE-485213,RESCARE KANSAS CITY 01,5031 Matney Ave,,KANSAS CITY,KS,66106,(913)281-1161
KSTTE,KSTTE-485251,SLI 01,3401 SW HARRISON ST,,TOPEKA,KS,66611,(785)233-2566
KSTTE,KSTTE-485271,TRIVALLEY - FT SCOTT 01,4305 CAMPBELL DRIVE,,FORT SCOTT,KS,66701,(620)223-3990
KSTTE,KSTTE-485290,YOUNGBLOOD YOUTH DEV 01,2236 SW CREST DR,,TOPEKA,KS,66606,(316)461-7249
KSTTE,KSTTE-485291,TRANSITIONS RESIDENCE 01,916 SW GAGE BLVD,,TOPEKA,KS,66606,(316)461-7249
KSTTE,KSTTE-486005,ABUNDANT SERVICES 08,10235 GRANDVIEW LN,APT A,OVERLAND PARK,KS,66212,(913)242-1208
KSTTE,KSTTE-486013,AFFIRM YOUR LOVE 08,802 SW BUCHANAN ST,,TOPEKA,KS,66606,(785)246-6471
KSTTE,KSTTE-486036,COF TRAINING SVCS BURL. 08,1415 S 6TH ST,,BURLINGTON,KS,66839,(620)364-2151
KSTTE,KSTTE-486038,COF TRAINING SVCS OTTAWA 08,1516 N DAVIS AVE,,OTTAWA,KS,66067,(785)242-5035
KSTTE,KSTTE-486050,CROSS POINT ADULT 08,2914 N 38TH ST,,KANSAS CITY,KS,66104,(620)717-2339
KSTTE,KSTTE-486051,CROSSROADS RESTORATION 08,2010 NW LOGAN ST,,TOPEKA,KS,66608,(785)408-1328
KSTTE,KSTTE-486060,DREAM VISION 08,9235 E HARRY ST,BLDG 200 STE 5,WICHITA,KS,67207,(913)203-7123
KSTTE,KSTTE-486150,LARCHE HEARTLAND 08,8137 SANTA FE,,OVERLAND PARK,KS,66204,(___)___-____
KSTTE,KSTTE-486159,MMK CARE SERVICES 08,9214 MARSHALL DR,,LENEXA,KS,66215,(913)265-2729
KSTTE,KSTTE-486252,SLI 08,3401 SW HARRISON ST,,TOPEKA,KS,66611,(785)233-2566
KSTTE,KSTTE-486260,SMITH AGENCY 08,911 COMMERCIAL ST,,EMPORIA,KS,66801,(620)343-3366
KSTTE,KSTTE-486262,STEPPING STONES 08,1015 SCOTT ST,,EMPORIA,KS,66801,(620)342-6969
KSTTE,KSTTE-486274,TRIVALLEY - IOLA 08,335 N COTTONWOOD ST,,IOLA,KS,66749,(620)365-3307
KSTTE,KSTTE-486991,PRIVATE CLIENTS 08,,,,KS,,(913)449-1282
KSTTE,KSTTE-487007,ACHIEVEMENT SVCS NE KS 15,215 N 5TH ST,,ATCHISON,KS,66002,(913)367-2432
KSTTE,KSTTE-487032,CHOICES FOR LIFE 15,8040 PARALLEL PARKWAY,STE 475,KANSAS CITY,KS,66112,(816)419-1360
KSTTE,KSTTE-487080,EQUI-VENTURE FARMS 15,8722 SW 29TH ST,,TOPEKA,KS,66614,(785)478-4148
KSTTE,KSTTE-487082,EVERYDAY COMM RESOURCES 15,13413 W 75TH CT,,SHAWNEE,KS,66216,(913)548-6104
KSTTE,KSTTE-487113,HONEYBEE COMM SVCS 15,15563 MIDLAND DR,,SHAWNEE,KS,66216,()-
KSTTE,KSTTE-487130,JOYCES NEW VISION 15,3515 N 33RD TERR,,KANSAS CITY,KS,66104,(913)789-9785
KSTTE,KSTTE-487193,PEOPLE 1ST NETWORK OF KS 15,11101 JOHNSON DR,STE 130,SHAWNEE,KS,66203,(913)299-9457
KSTTE,KSTTE-487220,RICO SERVICES 15,516 SE 29TH ST,UPPER LEVEL,TOPEKA,KS,66611,(785)246-6426
KSTTE,KSTTE-487222,RIVERSIDE RESOURSES 15,700 N 3RD ST,,LEAVENWORTH,KS,66048,(913)651-6810
KSTTE,KSTTE-487253,SLI 15,3401 SW HARRISON ST,,TOPEKA,KS,66611,(785)233-2566
KSTTE,KSTTE-487264,SUNFLOWER SUPPORTS 15,2521 SW 37TH ST,STE 134,TOPEKA,KS,66611,(785)273-1493
KSTTE,KSTTE-487270,THE CAPPER FOUNDATION 15,3500 SW 10TH AVE,,TOPEKA,KS,66604,(785)272-4060
KSTTE,KSTTE-487273,TRIVALLEY - CHANUTE 15,3602 S JOHNSON ROAD,,CHANUTE,KS,66720,
KSTTE,KSTTE-487992,PRIVATE CLIENTS 15,,,,KS,,(___)___-____
KSTTE,KSTTE-488001,ABLELIGHT SERVICES 22,14150 W 113TH ST,,SHAWNEE MISSION,KS,66215,(913)906-5000
KSTTE,KSTTE-488011,ADVOCACY FIRST 22,101 S NETTLETON,,BONNER SPRINGS,KS,66012,(913)961-6563
KSTTE,KSTTE-488070,EAGLE CASEMANAGEMENT 22,7345 LEAVENWORTH RD,,KANSAS CITY,KS,66109,(816)916-8789
KSTTE,KSTTE-488090,FAMILY DEVELOPMENTAL SUPP 22,9903 PFLUMM RD,,LENEXA,KS,66215,(816)536-3171
KSTTE,KSTTE-488152,LIFE CENTERS OF KS 22,7495 W 161ST ST,,OVERLAND PARK,KS,66085,(913)225-7001
KSTTE,KSTTE-488158,LOVING HEARTS TRAINING 22,4300 SW DRURY LN,,TOPEKA,KS,66604,(785)783-7200
KSTTE,KSTTE-488170,NEW ALLIANCE 22,14200 W 82ND ST,,LENEXA,KS,66215,(913)221-9158
KSTTE,KSTTE-488190,PEARLIE MAES COMPASSION 22,2206 SW 29TH TERR,,TOPEKA,KS,66614,(785)260-9022
KSTTE,KSTTE-488215,RESIDENTIAL SOLUTIONS 22,12684 SHAWNEE MISSION PARKWAY,,SHAWNEE,KS,66216,(913)268-2967
KSTTE,KSTTE-488224,ROSEWOOD SUPPORT SVCS 22,2518 RIDGE CT,STE 202,LAWRENCE,KS,66046,(785)218-5206
KSTTE,KSTTE-488254,SLI 22,3401 SW HARRISON ST,,TOPEKA,KS,66611,(785)233-2566
KSTTE,KSTTE-488280,UNLIMITED SERVICES 22,32583 W 172ND ST,,GARDNER,KS,66030,(913)515-9719
KSTTE,KSTTE-488993,PRIVATE CLIENTS 22,,,OLATHE,KS,66062,
ONEPAC,502100,AIRES SIERRA VISTA(AZ),655 N. GARDEN AVE,SUITE D,SIERRA VISTA,AZ,85635,(520)459-5362
ONEPAC,502103,AIRES CG CASA BONITA (AZ),510 E RACINE PLACE,,CASA GRANDE,AZ,85122,(520)836-3593
ONEPAC,502106,AIRES CG KRYSTAL (AZ),1641 E KRYSTAL ST,,CASA GRANDE,AZ,85122,(520)876-0313
ONEPAC,502109,AIRES CG WILDFLOWER (AZ),631 W PRICKLY PEAR DR,,CASA GRANDE,AZ,85122,(520)836-8231
ONEPAC,502112,AIRES TUCSON (AZ),824 E FT LOWELL RD,,TUCSON,AZ,85719,(520)903-2511
ONEPAC,502115,PPEP CASA GRANDE (AZ),1729 N TREKELL RD,STE 110,CASA GRANDE,AZ,85122,(520)792-5704
ONEPAC,502117,PPEP TUCSON (AZ),901 E 46TH ST,,TUCSON,AZ,85713,(520)792-5704
ONEPAC,502119,NEWFAC - AIRES PHOENIX,2140 W GREENWAY RD,SUITE 140,PHOENIX,AZ,85023,(602)995-3591
ONEPAC,502121,NEWFAC - RAINBOW ACRES (NO DH),2120 W RESERVATION LOOP RD,,CAMP VERDE,AZ,86322,(928)567-5231
ONEPAC,507302,COMM OPT TUCSON (AZ),3950 N CAMPBELL AVE,,TUCSON,AZ,85719,(520)207-9152
ONEPAC,507304,COMMUNITY OPT GREATER PHX (AZ),2239 W. BASELINE,,TEMPE,AZ,85283,(480)659-0984
ONEPAC,512105,NEWFAC-TRANSITIONAL LFSTYL(NM),8500 MENAUL BLVD NE,SUITE A200,ALBUQUERQUE,NM,87112,(505)262-4230
ONEPAC,512131,ASPIRE DVLPMNTL SRV -NODH (NM),500 N MAIN ST,SUITE 912,ROSWELL,NM,88201,(575)622-4164
ONEPAC,512151,TOBOSA DEVELOPMNTL (NM)(NO DH),2110 S MAIN ST,,ROSWELL,NM,88203,(575)624-1025
ONEPAC,517301,COMM OPT LAS CRUCES (NM),2500 MISSOURI AVE,,LAS CRUCES,NM,88011,(575)532-9275
ONEPAC,517303,COMM OPT ALBUQUERQUE (NM),2720 SAN PEDRO DR NORTHEAST,,ALBUQUERQUE,NM,87110,(505)265-7936
ONEPAC,517305,COMOP SANTA FE (NM) (NO DH),460 ST MICHAELS DR,SUITE 504,SANTA FE,NM,87505,(505)989-1471
ONEPAC,517307,COMM OPT SOCORRO (NM),808 SEAN ST,,SOCORRO,NM,87801,(575)495-6155
ONEPAC,5204,DAYBREAK - SAN ANGELO,1122 S ABE ST,,SAN ANGELO,TX,76903,(325)659-3108
ONEPAC,5208,DAYBREAK - AMARILLO,1510 VIRGINIA STREET,,AMARILLO,TX,79102,(806)352-4110
ONEPAC,5220,DAYBREAK - LUBBOCK,4620 71ST STREET,STE 71,LUBBOCK,TX,79424,(806)784-0722
ONEPAC,522001,SUPPORT INC (CO),15591 E CENTRETECH PKWY,,AURORA,CO,80011,(___)___-____
ONEPAC,522003,PUEBLO COMMUNITY RESOURCES(CO),2502 COURT STREET,,PUEBLO,CO,81003,(719)544-8099
ONEPAC,5224,DAYBREAK - BROWNWOOD,209 D GARMON DR.,,EARLY,TX,76802,(325)643-1919
ONEPAC,5232,DAYBREAK - BRYAN,4455 CARTER CREEK,,BRYAN,TX,77802,(979)695-7062
ONEPAC,5244,DAYBREAK - DALLAS ICF,2249 W. BELT LINE RD,,LANCASTER,TX,75146,(972)228-1984
ONEPAC,5256,DAYBREAK - SAN ANTONIO,401 W BYRD BLVD,,UNIVERSAL CITY,TX,78148,(210)212-7085
ONEPAC,5260,DAYBREAK - BELTON,500 SPARTA RD,,BELTON,TX,76513,(254)774-8511
ONEPAC,5264,DAYBREAK - WICHITA FALLS,805 INDIANA AVE,,WICHITA FALLS,TX,76301,(940)689-8668
ONEPAC,5268,DAYBREAK - FTW & JOHNSON,7401 W CLEBURNE RD,,FORT WORTH,TX,76133,(817)293-9744
ONEPAC,5272,DAYBREAK - VICTORIA,103 NORTH STAR DR,,VICTORIA,TX,77904,(361)579-0515
ONEPAC,5276,DAYBREAK - ARLINGTON,1129 N. LITTLE SCHOOL RD.,,ARLINGTON,TX,76017,(817)563-7900
ONEPAC,5280,CAREGIVER - CARROLLTON,2105 LUNA RD,SUITE 320,CARROLLTON,TX,75006,(972)866-9989
ONEPAC,5286,CAREGIVER - TYLER (TX),2211-A ROY RD,,TYLER,TX,75701,(903)705-7559
ONEPAC,5289,CAREGIVER - GREENVILLE,2500 TERRY PLACE,,GREENVILLE,TX,75402,(903)455-0024
ONEPAC,534510,DDMS NORTH SIDE ICF (UT),340 NORTH 100 WEST,,BOUNTIFUL,UT,84010,(801)292-6797
ONEPAC,534513,DDMS WEST SIDE ICF (UT),4028 SOUTH 4800 WEST,,WEST VALLEY CITY,UT,84120,(801)968-8122
ONEPAC,537301,COMM OPT - OGDEN (UT),917 COUNTRY HILLS DR,STE 4,OGDEN,UT,84403,(385)288-8587
ONEPAC,537305,COMM OPT - WEST VALLEY (UT),2964 W 4700 SOUTH,STE 107,WEST VALLEY,UT,84118,(385)288-8587
ONEPAC,5950,DAYBREAK - ABILENE,400 NORTH WILLIS,,ABILENE,TX,79603,(325)695-7506
ONEPAC,5954,DAYBREAK - DALLAS HCS,1636 N. HAMPTON ROAD,SUITE 270,DESOTO,TX,75115,(972)228-5830
ONEPAC,5963,DAYBREAK - MEXIA/CORSICANA,920 N MAIN,,CORSICANA,TX,75110,(903)875-1550
ONEPAC,5965,DAYBREAK - SAN MARCOS,718 HARWOOD DRIVE,,SAN MARCOS,TX,78666,(512)392-6021
ONEPAC,5970,SOUTHERN CONCEPTS - BENBROOK,3451 BOSTON AVE,,BENBROOK,TX,76116,(817)457-7997
ONEPAC,5973,SOUTHERN CONCEPTS - GRANBURY,900 WHITEHEAD RD,,GRANBURY,TX,76048,(817)573-6922
ONEPAC,5979,ST.GILES BEAUMONT- ICF,7650 PARK NORTH DR,,BEAUMONT,TX,77708,(409)833-4550
ONEPAC,5980,ST.GILES BEAUMONT - HCS,7650 PARK NORTH DR,,BEAUMONT,TX,77708,(409)833-4550
ONEPAC,5985,ST. GILES - LUFKIN,3010 SOUTH 1ST STREET,,LUFKIN,TX,75901,(936)639-1600
ONEPAC,5988,UCG - CENTRAL,401 W BYRD BLVD,,UNIVERSAL CITY,TX,78148,(830)206-1311
ONEPAC,5994,DAYBREAK - HOUSTON,820 PARK TWO DRIVE,,SUGARLAND,TX,77478,(713)271-7777
ONEPAC,6102,AHAVAH LLC,4416 10TH ST,,LUBBOCK,TX,79416,(806)535-3740
ONEPAC,6105,AMANDOLE HCS,2810 13TH AVE N,,TEXAS CITY,TX,77590,(832)878-8065
ONEPAC,6107,29 ACRES,3000 MOSELEY RD,,CROSS ROADS,TX,76227,(469)216-8038
ONEPAC,6111,TEXAS PANHANDLE CENTERS,901 WALLACE BLVD,BUILDING 503 - IDD NURSE,AMARILLO,TX,79106,(806)358-1681
ONEPAC,6113,AMAZING HCS,102 PALO ALTO RD,#455,SAN ANTONIO,TX,78211,(210)396-8410
ONEPAC,6115,A DIVERSE FAMILY AUSTIN HH,6788 LAKEFRONT DR,,GRAND PRAIRIE,TX,75054,(210)379-9899
ONEPAC,6117,GRAY LEGACY SERVICES -  SMILEY,201 W US HWY 87,,SMILEY,TX,78159,(830)587-6157
ONEPAC,6119,GRAY LEGACY SERVICES LA GRANGE,2004 US-77,,LA GRANGE,TX,78945,(979)968-8820
ONEPAC,6121,NEWFAC - ATC SAN ANTONIO,15911 NACOGDOCHES ROAD,BUILDING 2,SAN ANTONIO,TX,78247,(210)590-2107
ONEPAC,6123,NEWFAC - ATC DFW,10503 METRIC DRIVE,,DALLAS,TX,75243,(972)644-2076
ONEPAC,6125,NEWFAC - MARY LEE FOUNDATION,1339 LAMAR SQUARE DR,,AUSTIN,TX,78704,(512)443-5777
ONEPAC,6249,JADE - GARLAND,1521 NORTHWEST HIGHWAY,,GARLAND,TX,75041,(972)840-9000
ONEPAC,6410,R&K SPEC. HOMES,8709 BOTTS LANE,,SAN ANTONIO,TX,78217,(210)843-4413
ONEPAC,6737,LIFE CHOICES - DEL RIO,1205 N BEDELL AVE,,DEL RIO,TX,78840,(830)719-6260
ONEPAC,6742,LIFE CHOICES-BROWNSVILLE EN/SP,608 S JACKSON ROAD,,EDINBURG,TX,78539,(956)316-4506
ONEPAC,6749,LIFE CHOICES - SAN ANTONIO,85 NE LOOP 410,STE 220,SAN ANTONIO,TX,78216,(888)316-4506
ONEPAC,6750,LIFE CHOICES-EDINBURG EN/SP,608 S JACKSON ROAD,,EDINBURG,TX,78539,(956)316-4506
ONEPAC,6753,LIFE CHOICES - LAREDO EN/SP,1219 CORPUS CHRISTIE STREET,,LAREDO,TX,78040,(956)393-7651
ONEPAC,7104,DRACO - AUSTIN,2015 MONARCH DRIVE,STE D,AUSTIN,TX,78748,(512)891-8285
ONEPAC,7232,CALAB - SAN ANTONIO,6470 HEATH RD,,SAN ANTONIO,TX,78250,(210)647-0191
ONEPAC,7234,CALAB OF LUBBOCK,5313 50TH STREET,BUILDING B,LUBBOCK,TX,79414,(806)767-0685
ONEPAC,7327,COMMUNITY OPTIONS - EL PASO,2525 E MISSOURI AVE,,EL PASO,TX,79903,(915)771-7764
ONEPAC,7331,COMMUNITY OPTIONS - AUSTIN,2911 SOUTH AW GRIMES BLVD,STE 510,PFLUGERVILLE,TX,78660,(512)276-2088
ONEPAC,7345,COMMUNITY OPTIONS-SAN ANTONIO,2632 BROADWAY,SUITE 101 NORTH,SAN ANTONIO,TX,78215,(210)212-4969
ONEPAC,7356,COMMUNITY OPTIONS - CORPUS,4930 HOLLY ROAD,,CORPUS CHRISTI,TX,78411,(361)808-8600
ONEPAC,7362,COMMUNITY OPTIONS - LUBBOCK,5901 63RD ST,SUITE D&E,LUBBOCK,TX,79424,(806)792-0573
ONEPAC,7365,COMMUNITY OPTIONS - DALLAS,8604 GREENVILLE AVE,#100,DALLAS,TX,75243,(972)503-3901
ONEPAC,7367,COMMUNITY OPTIONS - AMARILLO,7470 GOLDEN POND PLACE,STE 100,AMARILLO,TX,79121,(806)379-6901
ONEPAC,7702,ABIDING CHOICE,204 COUNTY ROAD 308,,ROCKDALE,TX,76567,(512)446-3115
ONEPAC,7707,ANGEL'S SERVICES,502 W KEARNEY,STE 600,MESQUITE,TX,75149,(214)660-7355
ONEPAC,7731,NEW DAY INTERMEDIATE CARE,4530 HWY 190 E,,LIVINGSTON,TX,77351,(936)327-7075
ONEPAC,7753,ASSURED QUALITY CARE SERVICES,440 BENMAR DRIVE,SUITE 3360,HOUSTON,TX,77060,(281)984-8824
ONEPAC,7769,"VITA LIVING, INC.",3300 S GESSNER,SUITE 150,HOUSTON,TX,77063,(713)292-1800
ONEPAC,7771,CAREGIVER - CONROE,13627 POPLAR CIRCLE,,CONROE,TX,77304,(936)337-0030
ONEPAC,7781,IMAGINE ART,5101 MEADOW CREEK COVE,,AUSTIN,TX,78745,(512)554-2406
ONEPAC,8239,TEXAS HCS - HARLINGEN,2422 E TYLER,STE B-2,HARLINGEN,TX,78550,(956)467-0909
ONEPAC,8241,SOUTH TEXAS COM - SAN ANTONIO,2391 NE LOOP 410,SUITE 110,SAN ANTONIO,TX,78217,(210)494-1030
ONEPAC,8243,INTEGRATED COMM SERVICES-SPR,18 AUGUSTA PINES DRIVE,SUITE 140 E,SPRING,TX,77389,(281)350-2457
ONEPAC,8247,SOUTH TEXAS COM - BEAUMONT,4353 CROW RD,SUITE B,BEAUMONT,TX,77706,(409)899-9725
ONEPAC,8250,SOUTH TEXAS COM - MCALLEN,913 E ESPERANZA AVE,,MCALLEN,TX,78501,(956)631-0045
ONEPAC,8253,INTEGRATED COMM SERVICE-ABI,2449 SOUTH TREADWAY BLVD,,ABILENE,TX,79602,(325)672-5702
ONEPAC,9104,PREMIEANT - SOUTH AUSTIN,6900 Whispering Oaks Dr,,AUSTIN,TX,78745,(512)916-1632
ONEPAC,9112,PREMIEANT - SAN ANTONIO,1218 ARION PARKWAY.,SUITE 106,SAN ANTONIO,TX,78216,(210)525-1509
ONEPAC,9116,PREMIEANT - MCALLEN,2510 BUDDY OWENS BLVD.,,MCALLEN,TX,78504,(956)630-3893
ONEPAC,9232,ABUNDANT LIFE - DALLAS,5787 S HAMPTON RD,4TH FLOOR SUITE #470,DALLAS,TX,75232,(682)284-2575
ONEPAC,9245,ABUNDANT LIFE - MT. PLEASANT,3531 MAGNOLIA ST,,TEXARKANA,TX,75503,(903)717-8939
ONEPAC,9247,PACE OPP CENTER - MT PLEASANT,383 COUNTY ROAD 1332,,MT. PLEASANT,TX,75455,(903)573-4350
ONEPAC,9251,ABUNDANT LIFE - PARIS (NO DH),3415 Vagas Drive,Thru gate to inside garage,PARIS,TX,75460,(903)782-1244
ONEPAC,9930,D&S AUSTIN AREA HOST HOMES,SEE NURSING STATION ADDRESS,,AUSTIN,TX,78746,(512)504-9590
ONEPAC,9999,FC / SHL,SEE NURSING STATION ADDRESS,,(STATE WIDE),TX,78746,(___)___-____
